store_id,city,store_type,product_id,category,sub_category,brand,closing_stock,incoming_stock,days_of_inventory,predicted_7d_demand,safety_stock,recommended_stock,stockout_probability,risk_level,reorder_quantity,key_reasons,manager_action,avg_selling_price,mrp
S02,Chennai,Hypermarket,P306,Snacks,Nuts,Happilo,778,440,7.3,698.0,366.0,1064.0,0.998,HIGH,349,Supplier lead time is 4 days,🚨 URGENT: Place purchase order of 349 units immediately with supplier SUP04.,150.0,150
S03,Madurai,Express,P603,Household,Floor Cleaner,Lizol,27,0,5.1,47.0,13.0,60.0,0.998,HIGH,33,Supplier lead time is 4 days,🚨 URGENT: Place purchase order of 33 units immediately with supplier SUP09.,130.0,130
S03,Madurai,Express,P902,Personal Care,Sunscreen,Neutrogena,63,36,8.9,54.0,16.0,70.0,0.998,HIGH,27,Supplier lead time is 4 days,🚨 URGENT: Place purchase order of 27 units immediately with supplier SUP08.,350.0,350
S05,Trichy,Express,P902,Personal Care,Sunscreen,Neutrogena,46,28,7.7,48.0,17.0,65.0,0.998,HIGH,24,Active promotion driving surge | Supplier lead time is 4 days,🚨 URGENT: Place purchase order of 24 units immediately with supplier SUP08.,280.0,350
S06,Erode,Supermarket,P104,Dairy,Butter,Amul,515,277,21.0,271.0,112.0,383.0,0.998,HIGH,136,Supplier lead time is 4 days,🚨 URGENT: Place purchase order of 136 units immediately with supplier SUP01.,55.0,55
S06,Erode,Supermarket,P105,Dairy,Cheese,Britannia,530,295,14.9,332.0,149.0,481.0,0.998,HIGH,166,Supplier lead time is 4 days,🚨 URGENT: Place purchase order of 166 units immediately with supplier SUP01.,120.0,120
S01,Coimbatore,Supermarket,P103,Dairy,Paneer,Amul,198,0,3.3,482.0,142.0,624.0,0.997,HIGH,426,Supplier lead time is 4 days,🚨 URGENT: Place purchase order of 426 units immediately with supplier SUP01.,95.0,95
S01,Coimbatore,Supermarket,P505,Personal Care,Hand Wash,Dettol,175,95,14.3,108.0,54.0,162.0,0.997,HIGH,54,Supplier lead time is 4 days,🚨 URGENT: Place purchase order of 54 units immediately with supplier SUP08.,75.0,75
S01,Coimbatore,Supermarket,P702,Frozen Foods,Ice Cream,Amul,280,152,14.1,168.0,80.0,248.0,0.997,HIGH,84,Supplier lead time is 4 days,🚨 URGENT: Place purchase order of 84 units immediately with supplier SUP10.,120.0,120
S02,Chennai,Hypermarket,P204,Beverages,Tea,TajMahal,772,432,9.6,656.0,296.0,952.0,0.997,HIGH,328,Supplier lead time is 4 days,🚨 URGENT: Place purchase order of 328 units immediately with supplier SUP03.,180.0,180
S02,Chennai,Hypermarket,P305,Snacks,Biscuits,Crispo,1025,584,8.4,1019.0,395.0,1414.0,0.997,HIGH,510,Supplier lead time is 4 days,🚨 URGENT: Place purchase order of 510 units immediately with supplier SUP06.,35.0,35
S02,Chennai,Hypermarket,P403,Staples,Sugar,Dhampure,155,0,3.2,352.0,85.0,437.0,0.997,HIGH,282,Supplier lead time is 4 days,🚨 URGENT: Place purchase order of 282 units immediately with supplier SUP07.,55.0,55
S02,Chennai,Hypermarket,P502,Personal Care,Toothpaste,Colgate,570,311,11.6,372.0,135.0,507.0,0.997,HIGH,186,Active promotion driving surge | Supplier lead time is 4 days,🚨 URGENT: Place purchase order of 186 units immediately with supplier SUP08.,85.5,95
S03,Madurai,Express,P206,Beverage,Coffee,Nescafe,67,0,2.1,220.0,77.0,297.0,0.997,HIGH,230,Critically low runway (2.1 days) | Supplier lead time is 4 days,🚨 URGENT: Place purchase order of 230 units immediately with supplier SUP03.,210.0,210
S03,Madurai,Express,P502,Personal Care,Toothpaste,Colgate,120,65,18.4,64.0,20.0,84.0,0.997,HIGH,32,Supplier lead time is 4 days,🚨 URGENT: Place purchase order of 32 units immediately with supplier SUP08.,95.0,95
S04,Salem,Supermarket,P103,Dairy,Paneer,Amul,193,0,4.5,332.0,97.0,429.0,0.997,HIGH,236,Supplier lead time is 4 days,🚨 URGENT: Place purchase order of 236 units immediately with supplier SUP01.,95.0,95
S04,Salem,Supermarket,P202,Beverages,Juice,Tropicana,116,0,2.8,328.0,101.0,429.0,0.997,HIGH,313,Critically low runway (2.8 days) | Supplier lead time is 4 days,🚨 URGENT: Place purchase order of 313 units immediately with supplier SUP02.,85.0,85
S04,Salem,Supermarket,P205,Personal Care,Shampoo,GlowCare,93,52,8.2,87.0,43.0,130.0,0.997,HIGH,44,Supplier lead time is 4 days,🚨 URGENT: Place purchase order of 44 units immediately with supplier SUP08.,120.0,120
S04,Salem,Supermarket,P207,Beverages,Energy Drink,Sting,162,0,3.2,383.0,119.0,502.0,0.997,HIGH,340,Supplier lead time is 4 days,🚨 URGENT: Place purchase order of 340 units immediately with supplier SUP02.,50.0,50
S04,Salem,Supermarket,P305,Snacks,Biscuits,Crispo,421,232,12.8,274.0,110.0,384.0,0.997,HIGH,137,Supplier lead time is 4 days,🚨 URGENT: Place purchase order of 137 units immediately with supplier SUP06.,35.0,35
S04,Salem,Supermarket,P330,Beverages,Soft Drink,FizzUp,154,0,4.5,270.0,104.0,374.0,0.997,HIGH,220,Supplier lead time is 4 days,🚨 URGENT: Place purchase order of 220 units immediately with supplier SUP02.,50.0,50
S05,Trichy,Express,P901,Beverages,Kombucha,BrewJoy,293,168,13.8,165.0,76.0,241.0,0.997,HIGH,82,Active promotion driving surge | Supplier lead time is 4 days,🚨 URGENT: Place purchase order of 82 units immediately with supplier SUP12.,127.5,150
S06,Erode,Supermarket,P405,Staples,Cooking Oil,Fortune,83,0,3.1,182.0,74.0,256.0,0.997,HIGH,173,Supplier lead time is 4 days,🚨 URGENT: Place purchase order of 173 units immediately with supplier SUP07.,175.0,175
S01,Coimbatore,Supermarket,P404,Staples,Salt,TataSalt,52,0,1.9,185.0,57.0,242.0,0.996,HIGH,190,Current stock below reorder threshold | Critically low runway (1.9 days) | Supplier lead time is 4 days,🚨 URGENT: Place purchase order of 190 units immediately with supplier SUP07.,25.0,25
S01,Coimbatore,Supermarket,P406,Staples,Dal Toor,TataSampann,59,0,1.9,221.0,78.0,299.0,0.996,HIGH,240,Current stock below reorder threshold | Critically low runway (1.9 days) | Supplier lead time is 4 days,🚨 URGENT: Place purchase order of 240 units immediately with supplier SUP07.,140.0,140
S01,Coimbatore,Supermarket,P801,Bakery,Bread,ModernBread,131,0,4.9,192.0,68.0,260.0,0.996,HIGH,129,Supplier lead time is 4 days,🚨 URGENT: Place purchase order of 129 units immediately with supplier SUP11.,45.0,45
S02,Chennai,Hypermarket,P501,Personal Care,Soap,Lux,73,0,2.2,256.0,56.0,312.0,0.996,HIGH,239,Current stock below reorder threshold | Critically low runway (2.2 days) | Supplier lead time is 4 days,🚨 URGENT: Place purchase order of 239 units immediately with supplier SUP08.,40.0,40
S02,Chennai,Hypermarket,P604,Household,Toilet Cleaner,Harpic,71,0,1.8,281.0,88.0,369.0,0.996,HIGH,298,Current stock below reorder threshold | Critically low runway (1.8 days) | Supplier lead time is 4 days,🚨 URGENT: Place purchase order of 298 units immediately with supplier SUP09.,95.0,95
S03,Madurai,Express,P103,Dairy,Paneer,Amul,10,0,0.3,249.0,91.0,340.0,0.996,HIGH,330,Current stock below reorder threshold | Critically low runway (0.3 days) | Supplier lead time is 4 days,🚨 URGENT: Place purchase order of 330 units immediately with supplier SUP01.,95.0,95
S03,Madurai,Express,P106,Dairy,Yogurt,Epigamia,92,0,2.2,287.0,98.0,385.0,0.996,HIGH,293,Critically low runway (2.2 days) | Supplier lead time is 4 days,🚨 URGENT: Place purchase order of 293 units immediately with supplier SUP01.,40.0,40
S03,Madurai,Express,P201,Beverages,Soft Drink,FizzUp,127,0,4.4,253.0,93.0,346.0,0.996,HIGH,219,Supplier lead time is 4 days,🚨 URGENT: Place purchase order of 219 units immediately with supplier SUP02.,40.0,40
S03,Madurai,Express,P205,Personal Care,Shampoo,GlowCare,84,46,11.8,66.0,24.0,90.0,0.996,HIGH,33,Supplier lead time is 4 days,🚨 URGENT: Place purchase order of 33 units immediately with supplier SUP08.,120.0,120
S03,Madurai,Express,P604,Household,Toilet Cleaner,Harpic,102,56,15.3,70.0,25.0,95.0,0.996,HIGH,35,Supplier lead time is 4 days,🚨 URGENT: Place purchase order of 35 units immediately with supplier SUP09.,95.0,95
S03,Madurai,Express,P702,Frozen Foods,Ice Cream,Amul,114,62,15.4,60.0,29.0,89.0,0.996,HIGH,30,Supplier lead time is 4 days,🚨 URGENT: Place purchase order of 30 units immediately with supplier SUP10.,120.0,120
S03,Madurai,Express,P703,Frozen Foods,Frozen Paratha,McCain,18,0,2.0,58.0,22.0,80.0,0.996,HIGH,62,Critically low runway (2.0 days) | Supplier lead time is 4 days,🚨 URGENT: Place purchase order of 62 units immediately with supplier SUP10.,95.0,95
S04,Salem,Supermarket,P104,Dairy,Butter,Amul,25,0,0.5,327.0,116.0,443.0,0.996,HIGH,418,Current stock below reorder threshold | Critically low runway (0.5 days) | Supplier lead time is 4 days,🚨 URGENT: Place purchase order of 418 units immediately with supplier SUP01.,55.0,55
S04,Salem,Supermarket,P206,Beverage,Coffee,Nescafe,39,0,1.0,258.0,94.0,352.0,0.996,HIGH,313,Current stock below reorder threshold | Critically low runway (1.0 days) | Supplier lead time is 4 days,🚨 URGENT: Place purchase order of 313 units immediately with supplier SUP03.,210.0,210
S05,Trichy,Express,P105,Dairy,Cheese,Britannia,66,0,2.7,199.0,71.0,270.0,0.996,HIGH,204,Critically low runway (2.7 days) | Supplier lead time is 4 days,🚨 URGENT: Place purchase order of 204 units immediately with supplier SUP01.,120.0,120
S05,Trichy,Express,P602,Household,Dishwash,Vim,12,0,1.8,46.0,14.0,60.0,0.996,HIGH,48,Current stock below reorder threshold | Critically low runway (1.8 days) | Supplier lead time is 4 days,🚨 URGENT: Place purchase order of 48 units immediately with supplier SUP09.,55.0,55
S06,Erode,Supermarket,P803,Bakery,Rusk,Britannia,56,0,2.3,167.0,53.0,220.0,0.996,HIGH,164,Critically low runway (2.3 days) | Supplier lead time is 4 days,🚨 URGENT: Place purchase order of 164 units immediately with supplier SUP11.,50.0,50
S01,Coimbatore,Supermarket,P105,Dairy,Cheese,Britannia,123,0,2.6,402.0,95.0,497.0,0.995,HIGH,374,Current stock below reorder threshold | Critically low runway (2.6 days) | Supplier lead time is 4 days,🚨 URGENT: Place purchase order of 374 units immediately with supplier SUP01.,120.0,120
S01,Coimbatore,Supermarket,P405,Staples,Cooking Oil,Fortune,59,0,3.6,131.0,40.0,171.0,0.995,HIGH,112,Supplier lead time is 4 days,🚨 URGENT: Place purchase order of 112 units immediately with supplier SUP07.,175.0,175
S04,Salem,Supermarket,P101,Dairy,Milk,Aavin,303,179,7.6,301.0,130.0,431.0,0.995,HIGH,150,Supplier lead time is 4 days,🚨 URGENT: Place purchase order of 150 units immediately with supplier SUP01.,60.0,60
S05,Trichy,Express,P201,Beverages,Soft Drink,FizzUp,50,0,2.3,167.0,59.0,226.0,0.995,HIGH,176,Current stock below reorder threshold | Critically low runway (2.3 days) | Supplier lead time is 4 days,🚨 URGENT: Place purchase order of 176 units immediately with supplier SUP02.,40.0,40
S02,Chennai,Hypermarket,P101,Dairy,Milk,Aavin,1731,951,9.5,1392.0,363.0,1755.0,0.994,HIGH,696,Supplier lead time is 3 days,🚨 URGENT: Place purchase order of 696 units immediately with supplier SUP01.,60.0,60
S04,Salem,Supermarket,P605,Household,Garbage Bags,Ezee,106,61,8.4,101.0,33.0,134.0,0.994,HIGH,50,Supplier lead time is 4 days,🚨 URGENT: Place purchase order of 50 units immediately with supplier SUP09.,80.0,80
S01,Coimbatore,Supermarket,P603,Household,Floor Cleaner,Lizol,12,0,0.9,96.0,26.0,122.0,0.993,HIGH,110,Current stock below reorder threshold | Critically low runway (0.9 days) | Supplier lead time is 4 days,🚨 URGENT: Place purchase order of 110 units immediately with supplier SUP09.,130.0,130
S06,Erode,Supermarket,P205,Personal Care,Shampoo,GlowCare,38,0,3.0,88.0,31.0,119.0,0.993,HIGH,81,Supplier lead time is 4 days,🚨 URGENT: Place purchase order of 81 units immediately with supplier SUP08.,120.0,120
S06,Erode,Supermarket,P206,Beverage,Coffee,Nescafe,8,0,0.2,263.0,110.0,373.0,0.993,HIGH,365,Current stock below reorder threshold | Critically low runway (0.2 days) | Supplier lead time is 4 days,🚨 URGENT: Place purchase order of 365 units immediately with supplier SUP03.,210.0,210
S03,Madurai,Express,P605,Household,Garbage Bags,Ezee,18,0,1.9,65.0,28.0,93.0,0.992,HIGH,75,Current stock below reorder threshold | Critically low runway (1.9 days) | Supplier lead time is 4 days,🚨 URGENT: Place purchase order of 75 units immediately with supplier SUP09.,80.0,80
S03,Madurai,Express,P402,Staples,Wheat Flour,Aashirvaad,30,0,2.5,92.0,21.0,113.0,0.99,HIGH,83,Current stock below reorder threshold | Critically low runway (2.5 days) | Supplier lead time is 4 days,🚨 URGENT: Place purchase order of 83 units immediately with supplier SUP07.,250.0,250
S02,Chennai,Hypermarket,P901,Beverages,Kombucha,BrewJoy,282,0,2.2,1268.0,376.0,1644.0,0.989,HIGH,1362,Critically low runway (2.2 days) | Supplier lead time is 3 days,🚨 URGENT: Place purchase order of 1362 units immediately with supplier SUP12.,150.0,150
S04,Salem,Supermarket,P901,Beverages,Kombucha,BrewJoy,36,0,0.9,312.0,50.0,362.0,0.988,HIGH,326,Current stock below reorder threshold | Critically low runway (0.9 days) | Supplier lead time is 3 days,🚨 URGENT: Place purchase order of 326 units immediately with supplier SUP12.,150.0,150
S03,Madurai,Express,P701,Frozen Foods,Frozen Peas,Safal,24,0,2.5,68.0,13.0,81.0,0.987,HIGH,57,Critically low runway (2.5 days) | Supplier lead time is 3 days,🚨 URGENT: Place purchase order of 57 units immediately with supplier SUP10.,85.0,85
S05,Trichy,Express,P106,Dairy,Yogurt,Epigamia,59,0,1.5,294.0,61.0,355.0,0.987,HIGH,296,Current stock below reorder threshold | Critically low runway (1.5 days) | Supplier lead time is 3 days,🚨 URGENT: Place purchase order of 296 units immediately with supplier SUP01.,40.0,40
S04,Salem,Supermarket,P203,Beverages,Water,Bisleri,130,0,2.5,411.0,59.0,470.0,0.986,HIGH,340,Critically low runway (2.5 days) | Supplier lead time is 3 days,🚨 URGENT: Place purchase order of 340 units immediately with supplier SUP02.,20.0,20
S06,Erode,Supermarket,P207,Beverages,Energy Drink,Sting,94,0,2.3,281.0,64.0,345.0,0.986,HIGH,251,Active promotion driving surge | Critically low runway (2.3 days) | Supplier lead time is 3 days,🚨 URGENT: Place purchase order of 251 units immediately with supplier SUP02.,45.0,50
S02,Chennai,Hypermarket,P802,Bakery,Cake,Britannia,47,0,0.6,500.0,142.0,642.0,0.985,HIGH,595,Current stock below reorder threshold | Critically low runway (0.6 days) | Supplier lead time is 3 days,🚨 URGENT: Place purchase order of 595 units immediately with supplier SUP11.,60.0,60
S03,Madurai,Express,P303,Snacks,Namkeen,Haldirams,131,0,3.3,303.0,50.0,353.0,0.985,HIGH,222,Supplier lead time is 3 days,🚨 URGENT: Place purchase order of 222 units immediately with supplier SUP04.,60.0,60
S04,Salem,Supermarket,P102,Dairy,Curd,Aavin,179,0,2.9,443.0,114.0,557.0,0.985,HIGH,378,Critically low runway (2.9 days) | Supplier lead time is 3 days,🚨 URGENT: Place purchase order of 378 units immediately with supplier SUP01.,45.0,45
S05,Trichy,Express,P503,Personal Care,Face Wash,Himalaya,29,0,5.0,49.0,11.0,60.0,0.985,HIGH,31,Supplier lead time is 3 days,🚨 URGENT: Place purchase order of 31 units immediately with supplier SUP08.,110.0,110
S05,Trichy,Express,P604,Household,Toilet Cleaner,Harpic,20,0,2.5,58.0,15.0,73.0,0.985,HIGH,53,Critically low runway (2.5 days) | Supplier lead time is 3 days,🚨 URGENT: Place purchase order of 53 units immediately with supplier SUP09.,95.0,95
S06,Erode,Supermarket,P406,Staples,Dal Toor,TataSampann,25,0,1.3,134.0,24.0,158.0,0.984,HIGH,133,Current stock below reorder threshold | Critically low runway (1.3 days) | Supplier lead time is 3 days,🚨 URGENT: Place purchase order of 133 units immediately with supplier SUP07.,140.0,140
S06,Erode,Supermarket,P504,Personal Care,Deodorant,Nivea,35,0,3.3,76.0,16.0,92.0,0.984,HIGH,57,Supplier lead time is 3 days,🚨 URGENT: Place purchase order of 57 units immediately with supplier SUP08.,180.0,180
S01,Coimbatore,Supermarket,P207,Beverages,Energy Drink,Sting,170,0,3.4,400.0,94.0,494.0,0.983,HIGH,324,Active promotion driving surge | Supplier lead time is 3 days,🚨 URGENT: Place purchase order of 324 units immediately with supplier SUP02.,45.0,50
S01,Coimbatore,Supermarket,P303,Snacks,Namkeen,Haldirams,185,0,3.3,396.0,127.0,523.0,0.983,HIGH,338,Supplier lead time is 3 days,🚨 URGENT: Place purchase order of 338 units immediately with supplier SUP04.,60.0,60
S01,Coimbatore,Supermarket,P403,Staples,Sugar,Dhampure,54,0,2.2,185.0,37.0,222.0,0.983,HIGH,168,Critically low runway (2.2 days) | Supplier lead time is 3 days,🚨 URGENT: Place purchase order of 168 units immediately with supplier SUP07.,55.0,55
S02,Chennai,Hypermarket,P401,Staples,Rice,IndiaGate,131,0,2.1,433.0,82.0,515.0,0.983,HIGH,384,Critically low runway (2.1 days) | Supplier lead time is 3 days,🚨 URGENT: Place purchase order of 384 units immediately with supplier SUP07.,320.0,320
S06,Erode,Supermarket,P306,Snacks,Nuts,Happilo,38,0,0.9,312.0,25.0,337.0,0.983,HIGH,299,Current stock below reorder threshold | Critically low runway (0.9 days) | Supplier lead time is 3 days,🚨 URGENT: Place purchase order of 299 units immediately with supplier SUP04.,150.0,150
S03,Madurai,Express,P207,Beverages,Energy Drink,Sting,122,0,3.7,321.0,91.0,412.0,0.982,HIGH,290,Supplier lead time is 3 days,🚨 URGENT: Place purchase order of 290 units immediately with supplier SUP02.,50.0,50
S04,Salem,Supermarket,P407,Staples,Rava,Sakthi,32,0,1.1,193.0,23.0,216.0,0.982,HIGH,184,Active promotion driving surge | Current stock below reorder threshold | Critically low runway (1.1 days),🚨 URGENT: Place purchase order of 184 units immediately with supplier SUP07.,59.5,70
S01,Coimbatore,Supermarket,P206,Beverage,Coffee,Nescafe,53,0,1.1,352.0,63.0,415.0,0.981,HIGH,362,Active promotion driving surge | Current stock below reorder threshold | Critically low runway (1.1 days),🚨 URGENT: Place purchase order of 362 units immediately with supplier SUP03.,178.5,210
S05,Trichy,Express,P202,Beverages,Juice,Tropicana,130,0,3.8,276.0,83.0,359.0,0.981,HIGH,229,Supplier lead time is 3 days,🚨 URGENT: Place purchase order of 229 units immediately with supplier SUP02.,85.0,85
S05,Trichy,Express,P304,Snacks,Chocolate,DairyMilk,71,0,2.4,198.0,50.0,248.0,0.981,HIGH,177,Critically low runway (2.4 days) | Supplier lead time is 3 days,🚨 URGENT: Place purchase order of 177 units immediately with supplier SUP05.,50.0,50
S06,Erode,Supermarket,P603,Household,Floor Cleaner,Lizol,6,0,0.5,79.0,14.0,93.0,0.981,HIGH,87,Current stock below reorder threshold | Critically low runway (0.5 days) | Supplier lead time is 3 days,🚨 URGENT: Place purchase order of 87 units immediately with supplier SUP09.,130.0,130
S01,Coimbatore,Supermarket,P203,Beverages,Water,Bisleri,239,0,3.6,561.0,148.0,709.0,0.98,HIGH,470,Supplier lead time is 3 days,🚨 URGENT: Place purchase order of 470 units immediately with supplier SUP02.,20.0,20
S01,Coimbatore,Supermarket,P204,Beverages,Tea,TajMahal,209,0,4.8,415.0,130.0,545.0,0.98,HIGH,336,Supplier lead time is 3 days,🚨 URGENT: Place purchase order of 336 units immediately with supplier SUP03.,180.0,180
S02,Chennai,Hypermarket,P206,Beverage,Coffee,Nescafe,206,0,1.9,799.0,163.0,962.0,0.98,HIGH,756,Critically low runway (1.9 days) | Supplier lead time is 3 days,🚨 URGENT: Place purchase order of 756 units immediately with supplier SUP03.,210.0,210
S06,Erode,Supermarket,P202,Beverages,Juice,Tropicana,106,0,3.6,236.0,45.0,281.0,0.98,HIGH,175,Supplier lead time is 3 days,🚨 URGENT: Place purchase order of 175 units immediately with supplier SUP02.,85.0,85
S06,Erode,Supermarket,P303,Snacks,Namkeen,Haldirams,481,262,8.9,397.0,94.0,491.0,0.98,HIGH,198,Supplier lead time is 3 days,🚨 URGENT: Place purchase order of 198 units immediately with supplier SUP04.,60.0,60
S02,Chennai,Hypermarket,P405,Staples,Cooking Oil,Fortune,66,0,1.0,513.0,57.0,570.0,0.979,HIGH,504,Current stock below reorder threshold | Critically low runway (1.0 days) | Supplier lead time is 3 days,🚨 URGENT: Place purchase order of 504 units immediately with supplier SUP07.,175.0,175
S02,Chennai,Hypermarket,P605,Household,Garbage Bags,Ezee,106,0,3.7,216.0,68.0,284.0,0.979,HIGH,178,Supplier lead time is 3 days,🚨 URGENT: Place purchase order of 178 units immediately with supplier SUP09.,80.0,80
S03,Madurai,Express,P803,Bakery,Rusk,Britannia,16,0,0.9,153.0,24.0,177.0,0.979,HIGH,161,Current stock below reorder threshold | Critically low runway (0.9 days) | Supplier lead time is 3 days,🚨 URGENT: Place purchase order of 161 units immediately with supplier SUP11.,50.0,50
S04,Salem,Supermarket,P301,Snacks,Chips,Lays,372,202,11.7,247.0,60.0,307.0,0.979,HIGH,124,Supplier lead time is 3 days,🚨 URGENT: Place purchase order of 124 units immediately with supplier SUP04.,30.0,30
S05,Trichy,Express,P404,Staples,Salt,TataSalt,34,0,3.4,76.0,16.0,92.0,0.979,HIGH,58,Supplier lead time is 3 days,🚨 URGENT: Place purchase order of 58 units immediately with supplier SUP07.,25.0,25
S05,Trichy,Express,P502,Personal Care,Toothpaste,Colgate,29,0,3.9,58.0,13.0,71.0,0.979,HIGH,42,Supplier lead time is 3 days,🚨 URGENT: Place purchase order of 42 units immediately with supplier SUP08.,95.0,95
S06,Erode,Supermarket,P106,Dairy,Yogurt,Epigamia,428,249,7.5,435.0,104.0,539.0,0.979,HIGH,218,Supplier lead time is 3 days,🚨 URGENT: Place purchase order of 218 units immediately with supplier SUP01.,40.0,40
S01,Coimbatore,Supermarket,P101,Dairy,Milk,Aavin,26,0,0.5,425.0,52.0,477.0,0.978,HIGH,451,Current stock below reorder threshold | Critically low runway (0.5 days) | Supplier lead time is 3 days,🚨 URGENT: Place purchase order of 451 units immediately with supplier SUP01.,60.0,60
S02,Chennai,Hypermarket,P503,Personal Care,Face Wash,Himalaya,103,0,1.8,403.0,83.0,486.0,0.978,HIGH,383,Current stock below reorder threshold | Critically low runway (1.8 days) | Supplier lead time is 3 days,🚨 URGENT: Place purchase order of 383 units immediately with supplier SUP08.,110.0,110
S01,Coimbatore,Supermarket,P504,Personal Care,Deodorant,Nivea,174,95,10.9,127.0,34.0,161.0,0.977,HIGH,64,Supplier lead time is 3 days,🚨 URGENT: Place purchase order of 64 units immediately with supplier SUP08.,180.0,180
S02,Chennai,Hypermarket,P404,Staples,Salt,TataSalt,213,0,3.6,472.0,133.0,605.0,0.977,HIGH,392,Supplier lead time is 3 days,🚨 URGENT: Place purchase order of 392 units immediately with supplier SUP07.,25.0,25
S03,Madurai,Express,P802,Bakery,Cake,Britannia,32,0,1.7,139.0,26.0,165.0,0.977,HIGH,133,Current stock below reorder threshold | Critically low runway (1.7 days) | Supplier lead time is 3 days,🚨 URGENT: Place purchase order of 133 units immediately with supplier SUP11.,60.0,60
S04,Salem,Supermarket,P306,Snacks,Nuts,Happilo,267,0,4.3,458.0,149.0,607.0,0.977,HIGH,340,Supplier lead time is 3 days,🚨 URGENT: Place purchase order of 340 units immediately with supplier SUP04.,150.0,150
S05,Trichy,Express,P303,Snacks,Namkeen,Haldirams,64,0,2.1,266.0,49.0,315.0,0.977,HIGH,251,Current stock below reorder threshold | Critically low runway (2.1 days) | Supplier lead time is 3 days,🚨 URGENT: Place purchase order of 251 units immediately with supplier SUP04.,60.0,60
S05,Trichy,Express,P801,Bakery,Bread,ModernBread,58,0,2.5,167.0,37.0,204.0,0.977,HIGH,146,Critically low runway (2.5 days) | Supplier lead time is 3 days,🚨 URGENT: Place purchase order of 146 units immediately with supplier SUP11.,45.0,45
S04,Salem,Supermarket,P404,Staples,Salt,TataSalt,49,0,2.0,198.0,31.0,229.0,0.976,HIGH,180,Current stock below reorder threshold | Critically low runway (2.0 days) | Supplier lead time is 3 days,🚨 URGENT: Place purchase order of 180 units immediately with supplier SUP07.,25.0,25
S04,Salem,Supermarket,P601,Household,Detergent,Surf,11,0,0.7,125.0,24.0,149.0,0.976,HIGH,138,Current stock below reorder threshold | Critically low runway (0.7 days) | Supplier lead time is 3 days,🚨 URGENT: Place purchase order of 138 units immediately with supplier SUP09.,210.0,210
S01,Coimbatore,Supermarket,P501,Personal Care,Soap,Lux,73,0,3.3,160.0,33.0,193.0,0.975,HIGH,120,Active promotion driving surge | Supplier lead time is 3 days,🚨 URGENT: Place purchase order of 120 units immediately with supplier SUP08.,32.0,40
S01,Coimbatore,Supermarket,P704,Frozen Foods,Chicken Nuggets,Zorabian,21,0,1.4,112.0,26.0,138.0,0.975,HIGH,117,Current stock below reorder threshold | Critically low runway (1.4 days) | Supplier lead time is 3 days,🚨 URGENT: Place purchase order of 117 units immediately with supplier SUP10.,180.0,180
S02,Chennai,Hypermarket,P105,Dairy,Cheese,Britannia,415,0,2.7,1233.0,225.0,1458.0,0.975,HIGH,1043,Critically low runway (2.7 days) | Supplier lead time is 3 days,🚨 URGENT: Place purchase order of 1043 units immediately with supplier SUP01.,120.0,120
S04,Salem,Supermarket,P803,Bakery,Rusk,Britannia,59,0,2.7,156.0,50.0,206.0,0.975,HIGH,147,Critically low runway (2.7 days) | Supplier lead time is 3 days,🚨 URGENT: Place purchase order of 147 units immediately with supplier SUP11.,50.0,50
S06,Erode,Supermarket,P404,Staples,Salt,TataSalt,80,0,3.8,179.0,40.0,219.0,0.975,HIGH,139,Supplier lead time is 3 days,🚨 URGENT: Place purchase order of 139 units immediately with supplier SUP07.,25.0,25
S03,Madurai,Express,P203,Beverages,Water,Bisleri,273,147,11.3,184.0,64.0,248.0,0.974,HIGH,92,Supplier lead time is 3 days,🚨 URGENT: Place purchase order of 92 units immediately with supplier SUP02.,20.0,20
S04,Salem,Supermarket,P204,Beverages,Tea,TajMahal,595,321,10.2,457.0,127.0,584.0,0.974,HIGH,228,Supplier lead time is 3 days,🚨 URGENT: Place purchase order of 228 units immediately with supplier SUP03.,180.0,180
S03,Madurai,Express,P306,Snacks,Nuts,Happilo,359,192,13.1,281.0,48.0,329.0,0.973,HIGH,140,Supplier lead time is 3 days,🚨 URGENT: Place purchase order of 140 units immediately with supplier SUP04.,150.0,150
S05,Trichy,Express,P102,Dairy,Curd,Aavin,381,207,9.9,296.0,86.0,382.0,0.973,HIGH,148,Supplier lead time is 3 days,🚨 URGENT: Place purchase order of 148 units immediately with supplier SUP01.,45.0,45
S05,Trichy,Express,P405,Staples,Cooking Oil,Fortune,53,0,4.8,78.0,13.0,91.0,0.973,HIGH,38,Supplier lead time is 3 days,🚨 URGENT: Place purchase order of 38 units immediately with supplier SUP07.,175.0,175
S06,Erode,Supermarket,P505,Personal Care,Hand Wash,Dettol,73,0,4.8,107.0,34.0,141.0,0.973,HIGH,68,Supplier lead time is 3 days,🚨 URGENT: Place purchase order of 68 units immediately with supplier SUP08.,75.0,75
S06,Erode,Supermarket,P702,Frozen Foods,Ice Cream,Amul,48,0,3.0,119.0,23.0,142.0,0.973,HIGH,94,Supplier lead time is 3 days,🚨 URGENT: Place purchase order of 94 units immediately with supplier SUP10.,120.0,120
S03,Madurai,Express,P503,Personal Care,Face Wash,Himalaya,20,0,2.1,80.0,17.0,97.0,0.972,HIGH,77,Active promotion driving surge | Current stock below reorder threshold | Critically low runway (2.1 days),🚨 URGENT: Place purchase order of 77 units immediately with supplier SUP08.,93.5,110
S05,Trichy,Express,P802,Bakery,Cake,Britannia,35,0,3.8,107.0,25.0,132.0,0.972,HIGH,97,Supplier lead time is 3 days,🚨 URGENT: Place purchase order of 97 units immediately with supplier SUP11.,60.0,60
S02,Chennai,Hypermarket,P330,Beverages,Soft Drink,FizzUp,0,0,0.0,1287.0,211.0,1498.0,0.971,HIGH,1498,Current stock below reorder threshold | Critically low runway (0.0 days) | Supplier lead time is 3 days,🚨 URGENT: Place purchase order of 1498 units immediately with supplier SUP02.,50.0,50
S01,Coimbatore,Supermarket,P442,Snacks,Biscuits,Crispo,117,0,1.8,486.0,110.0,596.0,0.97,HIGH,479,Current stock below reorder threshold | Critically low runway (1.8 days) | Supplier lead time is 3 days,🚨 URGENT: Place purchase order of 479 units immediately with supplier SUP06.,35.0,35
S04,Salem,Supermarket,P802,Bakery,Cake,Britannia,46,0,1.8,184.0,39.0,223.0,0.969,HIGH,177,Active promotion driving surge | Current stock below reorder threshold | Critically low runway (1.8 days),🚨 URGENT: Place purchase order of 177 units immediately with supplier SUP11.,48.0,60
S05,Trichy,Express,P501,Personal Care,Soap,Lux,0,0,0.0,48.0,14.0,62.0,0.969,HIGH,62,Current stock below reorder threshold | Critically low runway (0.0 days) | Supplier lead time is 4 days,🚨 URGENT: Place purchase order of 62 units immediately with supplier SUP08.,40.0,40
S01,Coimbatore,Supermarket,P104,Dairy,Butter,Amul,47,0,0.7,483.0,68.0,551.0,0.963,HIGH,504,Current stock below reorder threshold | Critically low runway (0.7 days) | Supplier lead time is 3 days,🚨 URGENT: Place purchase order of 504 units immediately with supplier SUP01.,55.0,55
S05,Trichy,Express,P402,Staples,Wheat Flour,Aashirvaad,50,0,3.4,107.0,23.0,130.0,0.963,HIGH,80,Supplier lead time is 3 days,🚨 URGENT: Place purchase order of 80 units immediately with supplier SUP07.,250.0,250
S05,Trichy,Express,P442,Snacks,Biscuits,Crispo,4,0,0.2,175.0,31.0,206.0,0.963,HIGH,202,Current stock below reorder threshold | Critically low runway (0.2 days) | Supplier lead time is 3 days,🚨 URGENT: Place purchase order of 202 units immediately with supplier SUP06.,35.0,35
S03,Madurai,Express,P504,Personal Care,Deodorant,Nivea,0,0,0.0,52.0,23.0,75.0,0.961,HIGH,75,Current stock below reorder threshold | Critically low runway (0.0 days) | Supplier lead time is 4 days,🚨 URGENT: Place purchase order of 75 units immediately with supplier SUP08.,180.0,180
S04,Salem,Supermarket,P105,Dairy,Cheese,Britannia,775,422,9.4,517.0,81.0,598.0,0.957,HIGH,258,Supplier lead time is 3 days,🚨 URGENT: Place purchase order of 258 units immediately with supplier SUP01.,120.0,120
S02,Chennai,Hypermarket,P801,Bakery,Bread,ModernBread,121,0,1.7,517.0,108.0,625.0,0.956,HIGH,504,Current stock below reorder threshold | Critically low runway (1.7 days) | Supplier lead time is 3 days,🚨 URGENT: Place purchase order of 504 units immediately with supplier SUP11.,45.0,45
S05,Trichy,Express,P207,Beverages,Energy Drink,Sting,0,0,0.0,190.0,101.0,291.0,0.954,HIGH,291,Current stock below reorder threshold | Critically low runway (0.0 days) | Supplier lead time is 4 days,🚨 URGENT: Place purchase order of 291 units immediately with supplier SUP02.,50.0,50
S05,Trichy,Express,P205,Personal Care,Shampoo,GlowCare,0,0,0.0,59.0,27.0,86.0,0.953,HIGH,86,Current stock below reorder threshold | Critically low runway (0.0 days) | Supplier lead time is 4 days,🚨 URGENT: Place purchase order of 86 units immediately with supplier SUP08.,120.0,120
S06,Erode,Supermarket,P605,Household,Garbage Bags,Ezee,46,0,3.4,109.0,31.0,140.0,0.95,HIGH,94,Supplier lead time is 3 days,🚨 URGENT: Place purchase order of 94 units immediately with supplier SUP09.,80.0,80
S04,Salem,Supermarket,P502,Personal Care,Toothpaste,Colgate,136,73,9.0,112.0,21.0,133.0,0.944,HIGH,56,Supplier lead time is 3 days,🚨 URGENT: Place purchase order of 56 units immediately with supplier SUP08.,95.0,95
S06,Erode,Supermarket,P407,Staples,Rava,Sakthi,11,0,0.5,142.0,28.0,170.0,0.944,HIGH,159,Current stock below reorder threshold | Critically low runway (0.5 days) | Supplier lead time is 3 days,🚨 URGENT: Place purchase order of 159 units immediately with supplier SUP07.,70.0,70
S01,Coimbatore,Supermarket,P201,Beverages,Soft Drink,FizzUp,0,0,0.0,357.0,56.0,413.0,0.942,HIGH,413,Current stock below reorder threshold | Critically low runway (0.0 days) | Supplier lead time is 3 days,🚨 URGENT: Place purchase order of 413 units immediately with supplier SUP02.,40.0,40
S03,Madurai,Express,P202,Beverages,Juice,Tropicana,0,0,0.0,250.0,81.0,331.0,0.941,HIGH,331,Current stock below reorder threshold | Critically low runway (0.0 days) | Supplier lead time is 4 days,🚨 URGENT: Place purchase order of 331 units immediately with supplier SUP02.,85.0,85
S04,Salem,Supermarket,P801,Bakery,Bread,ModernBread,0,0,0.0,246.0,41.0,287.0,0.935,HIGH,287,Active promotion driving surge | Current stock below reorder threshold | Critically low runway (0.0 days),🚨 URGENT: Place purchase order of 287 units immediately with supplier SUP11.,36.0,45
S03,Madurai,Express,P406,Staples,Dal Toor,TataSampann,0,0,0.0,116.0,35.0,151.0,0.931,HIGH,151,Current stock below reorder threshold | Critically low runway (0.0 days) | Supplier lead time is 3 days,🚨 URGENT: Place purchase order of 151 units immediately with supplier SUP07.,140.0,140
S03,Madurai,Express,P401,Staples,Rice,IndiaGate,0,0,0.0,98.0,42.0,140.0,0.929,HIGH,140,Current stock below reorder threshold | Critically low runway (0.0 days) | Supplier lead time is 4 days,🚨 URGENT: Place purchase order of 140 units immediately with supplier SUP07.,320.0,320
S04,Salem,Supermarket,P303,Snacks,Namkeen,Haldirams,0,0,0.0,384.0,92.0,476.0,0.927,HIGH,476,Current stock below reorder threshold | Critically low runway (0.0 days) | Supplier lead time is 3 days,🚨 URGENT: Place purchase order of 476 units immediately with supplier SUP04.,60.0,60
S04,Salem,Supermarket,P703,Frozen Foods,Frozen Paratha,McCain,0,0,0.0,167.0,37.0,204.0,0.925,HIGH,204,Current stock below reorder threshold | Critically low runway (0.0 days) | Supplier lead time is 3 days,🚨 URGENT: Place purchase order of 204 units immediately with supplier SUP10.,95.0,95
S01,Coimbatore,Supermarket,P330,Beverages,Soft Drink,FizzUp,0,0,0.0,244.0,91.0,335.0,0.922,HIGH,335,Current stock below reorder threshold | Critically low runway (0.0 days) | Supplier lead time is 4 days,🚨 URGENT: Place purchase order of 335 units immediately with supplier SUP02.,50.0,50
S06,Erode,Supermarket,P501,Personal Care,Soap,Lux,0,0,0.0,94.0,12.0,106.0,0.921,HIGH,106,Current stock below reorder threshold | Critically low runway (0.0 days) | Supplier lead time is 3 days,🚨 URGENT: Place purchase order of 106 units immediately with supplier SUP08.,40.0,40
S01,Coimbatore,Supermarket,P106,Dairy,Yogurt,Epigamia,0,0,0.0,460.0,119.0,579.0,0.916,HIGH,579,Current stock below reorder threshold | Critically low runway (0.0 days) | Supplier lead time is 3 days,🚨 URGENT: Place purchase order of 579 units immediately with supplier SUP01.,40.0,40
S01,Coimbatore,Supermarket,P304,Snacks,Chocolate,DairyMilk,0,0,0.0,331.0,82.0,413.0,0.916,HIGH,413,Current stock below reorder threshold | Critically low runway (0.0 days) | Supplier lead time is 3 days,🚨 URGENT: Place purchase order of 413 units immediately with supplier SUP05.,50.0,50
S05,Trichy,Express,P401,Staples,Rice,IndiaGate,0,0,0.0,69.0,14.0,83.0,0.916,HIGH,83,Active promotion driving surge | Current stock below reorder threshold | Critically low runway (0.0 days),🚨 URGENT: Place purchase order of 83 units immediately with supplier SUP07.,256.0,320
S02,Chennai,Hypermarket,P505,Personal Care,Hand Wash,Dettol,0,0,0.0,227.0,84.0,311.0,0.914,HIGH,311,Current stock below reorder threshold | Critically low runway (0.0 days) | Supplier lead time is 4 days,🚨 URGENT: Place purchase order of 311 units immediately with supplier SUP08.,75.0,75
S02,Chennai,Hypermarket,P406,Staples,Dal Toor,TataSampann,0,0,0.0,454.0,179.0,633.0,0.91,HIGH,633,Current stock below reorder threshold | Critically low runway (0.0 days) | Supplier lead time is 4 days,🚨 URGENT: Place purchase order of 633 units immediately with supplier SUP07.,140.0,140
S06,Erode,Supermarket,P101,Dairy,Milk,Aavin,0,0,0.0,251.0,89.0,340.0,0.896,HIGH,340,Current stock below reorder threshold | Critically low runway (0.0 days) | Supplier lead time is 4 days,🚨 URGENT: Place purchase order of 340 units immediately with supplier SUP01.,60.0,60
S06,Erode,Supermarket,P902,Personal Care,Sunscreen,Neutrogena,0,0,0.0,76.0,16.0,92.0,0.88,HIGH,92,Current stock below reorder threshold | Critically low runway (0.0 days) | Supplier lead time is 3 days,🚨 URGENT: Place purchase order of 92 units immediately with supplier SUP08.,350.0,350
S05,Trichy,Express,P302,Snacks,Biscuits,Britannia,0,0,0.0,264.0,36.0,300.0,0.879,HIGH,300,Current stock below reorder threshold | Critically low runway (0.0 days) | Supplier lead time is 3 days,🚨 URGENT: Place purchase order of 300 units immediately with supplier SUP04.,35.0,35
S04,Salem,Supermarket,P702,Frozen Foods,Ice Cream,Amul,0,0,0.0,90.0,29.0,119.0,0.86,HIGH,119,Current stock below reorder threshold | Critically low runway (0.0 days) | Supplier lead time is 4 days,🚨 URGENT: Place purchase order of 119 units immediately with supplier SUP10.,120.0,120
S05,Trichy,Express,P101,Dairy,Milk,Aavin,0,0,0.0,317.0,54.0,371.0,0.829,HIGH,371,Current stock below reorder threshold | Critically low runway (0.0 days) | Supplier lead time is 3 days,🚨 URGENT: Place purchase order of 371 units immediately with supplier SUP01.,60.0,60
S06,Erode,Supermarket,P203,Beverages,Water,Bisleri,80,0,2.3,272.0,29.0,301.0,0.781,HIGH,221,Critically low runway (2.3 days),🚨 URGENT: Place purchase order of 221 units immediately with supplier SUP02.,20.0,20
S05,Trichy,Express,P605,Household,Garbage Bags,Ezee,11,0,1.8,51.0,8.0,59.0,0.758,HIGH,48,Critically low runway (1.8 days),🚨 URGENT: Place purchase order of 48 units immediately with supplier SUP09.,80.0,80
S04,Salem,Supermarket,P902,Personal Care,Sunscreen,Neutrogena,27,0,1.6,107.0,13.0,120.0,0.748,HIGH,93,Active promotion driving surge | Critically low runway (1.6 days),🚨 URGENT: Place purchase order of 93 units immediately with supplier SUP08.,315.0,350
S02,Chennai,Hypermarket,P902,Personal Care,Sunscreen,Neutrogena,83,0,2.0,281.0,40.0,321.0,0.728,HIGH,238,Critically low runway (2.0 days),🚨 URGENT: Place purchase order of 238 units immediately with supplier SUP08.,350.0,350
S06,Erode,Supermarket,P442,Snacks,Biscuits,Crispo,109,0,2.0,382.0,48.0,430.0,0.717,HIGH,321,Critically low runway (2.0 days),🚨 URGENT: Place purchase order of 321 units immediately with supplier SUP06.,35.0,35
S06,Erode,Supermarket,P330,Beverages,Soft Drink,FizzUp,74,0,1.4,409.0,52.0,461.0,0.704,HIGH,387,Active promotion driving surge | Current stock below reorder threshold | Critically low runway (1.4 days),🚨 URGENT: Place purchase order of 387 units immediately with supplier SUP02.,40.0,50
S01,Coimbatore,Supermarket,P803,Bakery,Rusk,Britannia,104,0,2.9,278.0,26.0,304.0,0.702,HIGH,200,Critically low runway (2.9 days),🚨 URGENT: Place purchase order of 200 units immediately with supplier SUP11.,50.0,50
S02,Chennai,Hypermarket,P701,Frozen Foods,Frozen Peas,Safal,40,0,0.7,439.0,64.0,503.0,0.393,LOW,463,Current stock below reorder threshold | Critically low runway (0.7 days),✅ HEALTHY: Stock sufficient. No immediate order required.,85.0,85
S01,Coimbatore,Supermarket,P402,Staples,Wheat Flour,Aashirvaad,270,137,11.4,186.0,24.0,210.0,0.37,LOW,0,Steady baseline velocity,✅ HEALTHY: Stock sufficient. No immediate order required.,250.0,250
S06,Erode,Supermarket,P704,Frozen Foods,Chicken Nuggets,Zorabian,108,57,6.6,125.0,15.0,140.0,0.364,LOW,0,Steady baseline velocity,✅ HEALTHY: Stock sufficient. No immediate order required.,180.0,180
S04,Salem,Supermarket,P406,Staples,Dal Toor,TataSampann,203,106,6.8,201.0,28.0,229.0,0.363,LOW,0,Steady baseline velocity,✅ HEALTHY: Stock sufficient. No immediate order required.,140.0,140
S06,Erode,Supermarket,P502,Personal Care,Toothpaste,Colgate,42,0,2.2,138.0,19.0,157.0,0.347,LOW,115,Critically low runway (2.2 days),✅ HEALTHY: Stock sufficient. No immediate order required.,95.0,95
S01,Coimbatore,Supermarket,P401,Staples,Rice,IndiaGate,17,0,0.5,270.0,29.0,299.0,0.34,LOW,282,Active promotion driving surge | Current stock below reorder threshold | Critically low runway (0.5 days),✅ HEALTHY: Stock sufficient. No immediate order required.,288.0,320
S06,Erode,Supermarket,P503,Personal Care,Face Wash,Himalaya,52,0,2.9,137.0,16.0,153.0,0.34,LOW,101,Critically low runway (2.9 days),✅ HEALTHY: Stock sufficient. No immediate order required.,110.0,110
S05,Trichy,Express,P301,Snacks,Chips,Lays,296,149,9.3,247.0,26.0,273.0,0.335,LOW,0,Steady baseline velocity,✅ HEALTHY: Stock sufficient. No immediate order required.,30.0,30
S02,Chennai,Hypermarket,P205,Personal Care,Shampoo,GlowCare,114,0,1.6,460.0,31.0,491.0,0.328,LOW,377,Current stock below reorder threshold | Critically low runway (1.6 days),✅ HEALTHY: Stock sufficient. No immediate order required.,120.0,120
S02,Chennai,Hypermarket,P803,Bakery,Rusk,Britannia,346,0,3.7,724.0,69.0,793.0,0.312,LOW,447,Active promotion driving surge,✅ HEALTHY: Stock sufficient. No immediate order required.,45.0,50
S01,Coimbatore,Supermarket,P602,Household,Dishwash,Vim,22,0,1.1,142.0,12.0,154.0,0.304,LOW,132,Current stock below reorder threshold | Critically low runway (1.1 days),✅ HEALTHY: Stock sufficient. No immediate order required.,55.0,55
S04,Salem,Supermarket,P701,Frozen Foods,Frozen Peas,Safal,38,0,1.7,171.0,19.0,190.0,0.304,LOW,152,Current stock below reorder threshold | Critically low runway (1.7 days),✅ HEALTHY: Stock sufficient. No immediate order required.,85.0,85
S03,Madurai,Express,P302,Snacks,Biscuits,Britannia,35,0,1.0,259.0,30.0,289.0,0.298,LOW,254,Current stock below reorder threshold | Critically low runway (1.0 days),✅ HEALTHY: Stock sufficient. No immediate order required.,35.0,35
S03,Madurai,Express,P102,Dairy,Curd,Aavin,9,0,0.2,432.0,31.0,463.0,0.284,LOW,454,Current stock below reorder threshold | Critically low runway (0.2 days),✅ HEALTHY: Stock sufficient. No immediate order required.,45.0,45
S01,Coimbatore,Supermarket,P601,Household,Detergent,Surf,23,0,1.1,143.0,18.0,161.0,0.267,LOW,138,Current stock below reorder threshold | Critically low runway (1.1 days),✅ HEALTHY: Stock sufficient. No immediate order required.,210.0,210
S01,Coimbatore,Supermarket,P301,Snacks,Chips,Lays,212,0,3.0,520.0,53.0,573.0,0.265,LOW,361,Steady baseline velocity,✅ HEALTHY: Stock sufficient. No immediate order required.,30.0,30
S06,Erode,Supermarket,P403,Staples,Sugar,Dhampure,60,0,2.5,161.0,15.0,176.0,0.255,LOW,116,Active promotion driving surge | Critically low runway (2.5 days),✅ HEALTHY: Stock sufficient. No immediate order required.,44.0,55
S02,Chennai,Hypermarket,P402,Staples,Wheat Flour,Aashirvaad,160,0,2.7,422.0,39.0,461.0,0.254,LOW,301,Critically low runway (2.7 days),✅ HEALTHY: Stock sufficient. No immediate order required.,250.0,250
S02,Chennai,Hypermarket,P442,Snacks,Biscuits,Crispo,625,0,4.9,927.0,65.0,992.0,0.253,LOW,367,Steady baseline velocity,✅ HEALTHY: Stock sufficient. No immediate order required.,35.0,35
S02,Chennai,Hypermarket,P407,Staples,Rava,Sakthi,206,0,2.1,681.0,65.0,746.0,0.248,LOW,540,Critically low runway (2.1 days),✅ HEALTHY: Stock sufficient. No immediate order required.,70.0,70
S06,Erode,Supermarket,P602,Household,Dishwash,Vim,49,0,2.4,131.0,19.0,150.0,0.237,LOW,101,Active promotion driving surge | Critically low runway (2.4 days),✅ HEALTHY: Stock sufficient. No immediate order required.,44.0,55
S03,Madurai,Express,P407,Staples,Rava,Sakthi,150,71,9.2,128.0,20.0,148.0,0.229,LOW,0,Steady baseline velocity,✅ HEALTHY: Stock sufficient. No immediate order required.,70.0,70
S05,Trichy,Express,P305,Snacks,Biscuits,Crispo,218,108,9.2,171.0,23.0,194.0,0.218,LOW,0,Steady baseline velocity,✅ HEALTHY: Stock sufficient. No immediate order required.,35.0,35
S01,Coimbatore,Supermarket,P302,Snacks,Biscuits,Britannia,4,0,0.1,467.0,40.0,507.0,0.21,LOW,503,Current stock below reorder threshold | Critically low runway (0.1 days),✅ HEALTHY: Stock sufficient. No immediate order required.,35.0,35
S01,Coimbatore,Supermarket,P407,Staples,Rava,Sakthi,68,0,1.7,266.0,26.0,292.0,0.004,LOW,224,Active promotion driving surge | Critically low runway (1.7 days),✅ HEALTHY: Stock sufficient. No immediate order required.,56.0,70
S02,Chennai,Hypermarket,P603,Household,Floor Cleaner,Lizol,134,0,2.2,414.0,46.0,460.0,0.003,LOW,326,Active promotion driving surge | Critically low runway (2.2 days),✅ HEALTHY: Stock sufficient. No immediate order required.,104.0,130
S04,Salem,Supermarket,P602,Household,Dishwash,Vim,63,0,3.8,118.0,10.0,128.0,0.003,LOW,65,Active promotion driving surge,✅ HEALTHY: Stock sufficient. No immediate order required.,44.0,55
S06,Erode,Supermarket,P305,Snacks,Biscuits,Crispo,243,0,4.2,416.0,35.0,451.0,0.003,LOW,208,Active promotion driving surge,✅ HEALTHY: Stock sufficient. No immediate order required.,28.0,35
S01,Coimbatore,Supermarket,P205,Personal Care,Shampoo,GlowCare,56,0,3.3,110.0,12.0,122.0,0.002,LOW,66,Steady baseline velocity,✅ HEALTHY: Stock sufficient. No immediate order required.,120.0,120
S01,Coimbatore,Supermarket,P306,Snacks,Nuts,Happilo,129,0,3.1,330.0,20.0,350.0,0.002,LOW,221,Steady baseline velocity,✅ HEALTHY: Stock sufficient. No immediate order required.,150.0,150
S01,Coimbatore,Supermarket,P502,Personal Care,Toothpaste,Colgate,41,0,2.5,112.0,11.0,123.0,0.002,LOW,82,Critically low runway (2.5 days),✅ HEALTHY: Stock sufficient. No immediate order required.,95.0,95
S01,Coimbatore,Supermarket,P503,Personal Care,Face Wash,Himalaya,53,0,2.3,170.0,15.0,185.0,0.002,LOW,132,Critically low runway (2.3 days),✅ HEALTHY: Stock sufficient. No immediate order required.,110.0,110
S01,Coimbatore,Supermarket,P605,Household,Garbage Bags,Ezee,40,0,1.7,153.0,13.0,166.0,0.002,LOW,126,Critically low runway (1.7 days),✅ HEALTHY: Stock sufficient. No immediate order required.,80.0,80
S01,Coimbatore,Supermarket,P703,Frozen Foods,Frozen Paratha,McCain,82,0,2.5,222.0,19.0,241.0,0.002,LOW,159,Critically low runway (2.5 days),✅ HEALTHY: Stock sufficient. No immediate order required.,95.0,95
S01,Coimbatore,Supermarket,P901,Beverages,Kombucha,BrewJoy,187,0,4.1,360.0,28.0,388.0,0.002,LOW,201,Steady baseline velocity,✅ HEALTHY: Stock sufficient. No immediate order required.,150.0,150
S01,Coimbatore,Supermarket,P902,Personal Care,Sunscreen,Neutrogena,83,0,3.3,154.0,12.0,166.0,0.002,LOW,83,Steady baseline velocity,✅ HEALTHY: Stock sufficient. No immediate order required.,350.0,350
S02,Chennai,Hypermarket,P102,Dairy,Curd,Aavin,634,0,2.4,1661.0,210.0,1871.0,0.002,LOW,1237,Critically low runway (2.4 days),✅ HEALTHY: Stock sufficient. No immediate order required.,45.0,45
S02,Chennai,Hypermarket,P103,Dairy,Paneer,Amul,266,0,1.3,1368.0,208.0,1576.0,0.002,LOW,1310,Current stock below reorder threshold | Critically low runway (1.3 days),✅ HEALTHY: Stock sufficient. No immediate order required.,95.0,95
S02,Chennai,Hypermarket,P104,Dairy,Butter,Amul,313,0,1.6,1272.0,144.0,1416.0,0.002,LOW,1103,Active promotion driving surge | Critically low runway (1.6 days),✅ HEALTHY: Stock sufficient. No immediate order required.,49.5,55
S02,Chennai,Hypermarket,P504,Personal Care,Deodorant,Nivea,314,148,6.8,283.0,28.0,311.0,0.002,LOW,0,Steady baseline velocity,✅ HEALTHY: Stock sufficient. No immediate order required.,180.0,180
S02,Chennai,Hypermarket,P601,Household,Detergent,Surf,157,0,4.1,291.0,16.0,307.0,0.002,LOW,150,Steady baseline velocity,✅ HEALTHY: Stock sufficient. No immediate order required.,210.0,210
S02,Chennai,Hypermarket,P602,Household,Dishwash,Vim,296,0,5.3,436.0,47.0,483.0,0.002,LOW,187,Steady baseline velocity,✅ HEALTHY: Stock sufficient. No immediate order required.,55.0,55
S03,Madurai,Express,P104,Dairy,Butter,Amul,258,124,5.6,307.0,25.0,332.0,0.002,LOW,0,Steady baseline velocity,✅ HEALTHY: Stock sufficient. No immediate order required.,55.0,55
S03,Madurai,Express,P305,Snacks,Biscuits,Crispo,199,0,4.1,349.0,34.0,383.0,0.002,LOW,184,Steady baseline velocity,✅ HEALTHY: Stock sufficient. No immediate order required.,35.0,35
S03,Madurai,Express,P330,Beverages,Soft Drink,FizzUp,82,0,2.0,288.0,28.0,316.0,0.002,LOW,234,Critically low runway (2.0 days),✅ HEALTHY: Stock sufficient. No immediate order required.,50.0,50
S03,Madurai,Express,P442,Snacks,Biscuits,Crispo,154,0,4.0,297.0,28.0,325.0,0.002,LOW,171,Steady baseline velocity,✅ HEALTHY: Stock sufficient. No immediate order required.,35.0,35
S03,Madurai,Express,P601,Household,Detergent,Surf,22,0,1.8,82.0,7.0,89.0,0.002,LOW,67,Active promotion driving surge | Critically low runway (1.8 days),✅ HEALTHY: Stock sufficient. No immediate order required.,189.0,210
S03,Madurai,Express,P602,Household,Dishwash,Vim,45,0,4.9,70.0,6.0,76.0,0.002,LOW,31,Steady baseline velocity,✅ HEALTHY: Stock sufficient. No immediate order required.,55.0,55
S03,Madurai,Express,P901,Beverages,Kombucha,BrewJoy,33,0,0.7,304.0,22.0,326.0,0.002,LOW,293,Current stock below reorder threshold | Critically low runway (0.7 days),✅ HEALTHY: Stock sufficient. No immediate order required.,150.0,150
S04,Salem,Supermarket,P106,Dairy,Yogurt,Epigamia,155,0,2.6,443.0,18.0,461.0,0.002,LOW,306,Critically low runway (2.6 days),✅ HEALTHY: Stock sufficient. No immediate order required.,40.0,40
S04,Salem,Supermarket,P201,Beverages,Soft Drink,FizzUp,73,0,1.2,442.0,39.0,481.0,0.002,LOW,408,Active promotion driving surge | Current stock below reorder threshold | Critically low runway (1.2 days),✅ HEALTHY: Stock sufficient. No immediate order required.,34.0,40
S04,Salem,Supermarket,P302,Snacks,Biscuits,Britannia,359,167,7.8,357.0,30.0,387.0,0.002,LOW,0,Active promotion driving surge,✅ HEALTHY: Stock sufficient. No immediate order required.,31.5,35
S04,Salem,Supermarket,P402,Staples,Wheat Flour,Aashirvaad,111,0,2.8,279.0,27.0,306.0,0.002,LOW,195,Critically low runway (2.8 days),✅ HEALTHY: Stock sufficient. No immediate order required.,250.0,250
S04,Salem,Supermarket,P403,Staples,Sugar,Dhampure,80,0,3.8,161.0,14.0,175.0,0.002,LOW,95,Steady baseline velocity,✅ HEALTHY: Stock sufficient. No immediate order required.,55.0,55
S04,Salem,Supermarket,P504,Personal Care,Deodorant,Nivea,174,82,9.6,120.0,9.0,129.0,0.002,LOW,0,Steady baseline velocity,✅ HEALTHY: Stock sufficient. No immediate order required.,180.0,180
S04,Salem,Supermarket,P704,Frozen Foods,Chicken Nuggets,Zorabian,26,0,1.7,110.0,9.0,119.0,0.002,LOW,93,Critically low runway (1.7 days),✅ HEALTHY: Stock sufficient. No immediate order required.,180.0,180
S05,Trichy,Express,P104,Dairy,Butter,Amul,258,128,6.6,276.0,26.0,302.0,0.002,LOW,0,Steady baseline velocity,✅ HEALTHY: Stock sufficient. No immediate order required.,55.0,55
S05,Trichy,Express,P330,Beverages,Soft Drink,FizzUp,103,0,2.8,261.0,18.0,279.0,0.002,LOW,176,Critically low runway (2.8 days),✅ HEALTHY: Stock sufficient. No immediate order required.,50.0,50
S05,Trichy,Express,P407,Staples,Rava,Sakthi,50,0,2.7,141.0,15.0,156.0,0.002,LOW,106,Critically low runway (2.7 days),✅ HEALTHY: Stock sufficient. No immediate order required.,70.0,70
S05,Trichy,Express,P603,Household,Floor Cleaner,Lizol,35,0,3.3,79.0,6.0,85.0,0.002,LOW,50,Steady baseline velocity,✅ HEALTHY: Stock sufficient. No immediate order required.,130.0,130
S06,Erode,Supermarket,P102,Dairy,Curd,Aavin,51,0,0.9,521.0,35.0,556.0,0.002,LOW,505,Current stock below reorder threshold | Critically low runway (0.9 days),✅ HEALTHY: Stock sufficient. No immediate order required.,45.0,45
S06,Erode,Supermarket,P201,Beverages,Soft Drink,FizzUp,384,180,8.5,360.0,26.0,386.0,0.002,LOW,0,Steady baseline velocity,✅ HEALTHY: Stock sufficient. No immediate order required.,40.0,40
S06,Erode,Supermarket,P302,Snacks,Biscuits,Britannia,39,0,0.8,362.0,52.0,414.0,0.002,LOW,375,Current stock below reorder threshold | Critically low runway (0.8 days),✅ HEALTHY: Stock sufficient. No immediate order required.,35.0,35
S06,Erode,Supermarket,P401,Staples,Rice,IndiaGate,31,0,1.1,190.0,17.0,207.0,0.002,LOW,176,Current stock below reorder threshold | Critically low runway (1.1 days),✅ HEALTHY: Stock sufficient. No immediate order required.,320.0,320
S06,Erode,Supermarket,P601,Household,Detergent,Surf,40,0,3.7,80.0,5.0,85.0,0.002,LOW,45,Steady baseline velocity,✅ HEALTHY: Stock sufficient. No immediate order required.,210.0,210
S06,Erode,Supermarket,P604,Household,Toilet Cleaner,Harpic,32,0,3.5,75.0,11.0,86.0,0.002,LOW,54,Steady baseline velocity,✅ HEALTHY: Stock sufficient. No immediate order required.,95.0,95
S06,Erode,Supermarket,P701,Frozen Foods,Frozen Peas,Safal,27,0,2.1,98.0,9.0,107.0,0.002,LOW,80,Critically low runway (2.1 days),✅ HEALTHY: Stock sufficient. No immediate order required.,85.0,85
S06,Erode,Supermarket,P703,Frozen Foods,Frozen Paratha,McCain,57,0,2.7,149.0,16.0,165.0,0.002,LOW,108,Critically low runway (2.7 days),✅ HEALTHY: Stock sufficient. No immediate order required.,95.0,95
S06,Erode,Supermarket,P801,Bakery,Bread,ModernBread,95,0,2.8,228.0,22.0,250.0,0.002,LOW,155,Critically low runway (2.8 days),✅ HEALTHY: Stock sufficient. No immediate order required.,45.0,45
S06,Erode,Supermarket,P802,Bakery,Cake,Britannia,53,0,1.1,344.0,36.0,380.0,0.002,LOW,327,Current stock below reorder threshold | Critically low runway (1.1 days),✅ HEALTHY: Stock sufficient. No immediate order required.,60.0,60
S01,Coimbatore,Supermarket,P202,Beverages,Juice,Tropicana,956,442,11.5,615.0,51.0,666.0,0.001,LOW,0,Steady baseline velocity,✅ HEALTHY: Stock sufficient. No immediate order required.,85.0,85
S02,Chennai,Hypermarket,P201,Beverages,Soft Drink,FizzUp,1709,797,10.1,1282.0,92.0,1374.0,0.001,LOW,0,Steady baseline velocity,✅ HEALTHY: Stock sufficient. No immediate order required.,40.0,40
S02,Chennai,Hypermarket,P202,Beverages,Juice,Tropicana,761,0,4.0,1302.0,116.0,1418.0,0.001,LOW,657,Steady baseline velocity,✅ HEALTHY: Stock sufficient. No immediate order required.,85.0,85
S02,Chennai,Hypermarket,P203,Beverages,Water,Bisleri,787,0,3.9,1353.0,135.0,1488.0,0.001,LOW,701,Steady baseline velocity,✅ HEALTHY: Stock sufficient. No immediate order required.,20.0,20
S02,Chennai,Hypermarket,P207,Beverages,Energy Drink,Sting,170,0,0.9,1321.0,119.0,1440.0,0.001,LOW,1270,Current stock below reorder threshold | Critically low runway (0.9 days),✅ HEALTHY: Stock sufficient. No immediate order required.,50.0,50
S02,Chennai,Hypermarket,P301,Snacks,Chips,Lays,237,0,1.9,813.0,95.0,908.0,0.001,LOW,671,Active promotion driving surge | Critically low runway (1.9 days),✅ HEALTHY: Stock sufficient. No immediate order required.,25.5,30
S02,Chennai,Hypermarket,P303,Snacks,Namkeen,Haldirams,1352,677,10.2,873.0,67.0,940.0,0.001,LOW,0,Steady baseline velocity,✅ HEALTHY: Stock sufficient. No immediate order required.,60.0,60
S02,Chennai,Hypermarket,P304,Snacks,Chocolate,DairyMilk,559,0,3.6,1248.0,149.0,1397.0,0.001,LOW,838,Steady baseline velocity,✅ HEALTHY: Stock sufficient. No immediate order required.,50.0,50
S02,Chennai,Hypermarket,P704,Frozen Foods,Chicken Nuggets,Zorabian,137,0,2.0,465.0,34.0,499.0,0.001,LOW,362,Critically low runway (2.0 days),✅ HEALTHY: Stock sufficient. No immediate order required.,180.0,180
S03,Madurai,Express,P301,Snacks,Chips,Lays,135,0,4.0,240.0,18.0,258.0,0.001,LOW,123,Steady baseline velocity,✅ HEALTHY: Stock sufficient. No immediate order required.,30.0,30
S03,Madurai,Express,P403,Staples,Sugar,Dhampure,70,0,3.6,138.0,14.0,152.0,0.001,LOW,82,Steady baseline velocity,✅ HEALTHY: Stock sufficient. No immediate order required.,55.0,55
S03,Madurai,Express,P405,Staples,Cooking Oil,Fortune,54,0,3.8,104.0,9.0,113.0,0.001,LOW,59,Steady baseline velocity,✅ HEALTHY: Stock sufficient. No immediate order required.,175.0,175
S03,Madurai,Express,P704,Frozen Foods,Chicken Nuggets,Zorabian,41,0,2.6,121.0,8.0,129.0,0.001,LOW,88,Critically low runway (2.6 days),✅ HEALTHY: Stock sufficient. No immediate order required.,180.0,180
S03,Madurai,Express,P801,Bakery,Bread,ModernBread,47,0,1.8,172.0,20.0,192.0,0.001,LOW,145,Critically low runway (1.8 days),✅ HEALTHY: Stock sufficient. No immediate order required.,45.0,45
S04,Salem,Supermarket,P401,Staples,Rice,IndiaGate,101,0,2.7,274.0,13.0,287.0,0.001,LOW,186,Critically low runway (2.7 days),✅ HEALTHY: Stock sufficient. No immediate order required.,320.0,320
S04,Salem,Supermarket,P505,Personal Care,Hand Wash,Dettol,24,0,1.5,105.0,8.0,113.0,0.001,LOW,89,Current stock below reorder threshold | Critically low runway (1.5 days),✅ HEALTHY: Stock sufficient. No immediate order required.,75.0,75
S04,Salem,Supermarket,P603,Household,Floor Cleaner,Lizol,20,0,1.3,109.0,9.0,118.0,0.001,LOW,98,Current stock below reorder threshold | Critically low runway (1.3 days),✅ HEALTHY: Stock sufficient. No immediate order required.,130.0,130
S04,Salem,Supermarket,P604,Household,Toilet Cleaner,Harpic,154,74,8.9,114.0,10.0,124.0,0.001,LOW,0,Active promotion driving surge,✅ HEALTHY: Stock sufficient. No immediate order required.,80.75,95
S05,Trichy,Express,P403,Staples,Sugar,Dhampure,245,117,10.2,164.0,13.0,177.0,0.001,LOW,0,Steady baseline velocity,✅ HEALTHY: Stock sufficient. No immediate order required.,55.0,55
S05,Trichy,Express,P406,Staples,Dal Toor,TataSampann,131,65,7.7,121.0,10.0,131.0,0.001,LOW,0,Steady baseline velocity,✅ HEALTHY: Stock sufficient. No immediate order required.,140.0,140
S05,Trichy,Express,P504,Personal Care,Deodorant,Nivea,19,0,1.5,98.0,8.0,106.0,0.001,LOW,87,Current stock below reorder threshold | Critically low runway (1.5 days),✅ HEALTHY: Stock sufficient. No immediate order required.,180.0,180
S05,Trichy,Express,P701,Frozen Foods,Frozen Peas,Safal,11,0,0.8,96.0,7.0,103.0,0.001,LOW,92,Current stock below reorder threshold | Critically low runway (0.8 days),✅ HEALTHY: Stock sufficient. No immediate order required.,85.0,85
S05,Trichy,Express,P702,Frozen Foods,Ice Cream,Amul,29,0,1.7,111.0,8.0,119.0,0.001,LOW,90,Critically low runway (1.7 days),✅ HEALTHY: Stock sufficient. No immediate order required.,120.0,120
S05,Trichy,Express,P703,Frozen Foods,Frozen Paratha,McCain,47,0,2.8,104.0,12.0,116.0,0.001,LOW,69,Critically low runway (2.8 days),✅ HEALTHY: Stock sufficient. No immediate order required.,95.0,95
S05,Trichy,Express,P704,Frozen Foods,Chicken Nuggets,Zorabian,137,64,8.7,111.0,11.0,122.0,0.001,LOW,0,Steady baseline velocity,✅ HEALTHY: Stock sufficient. No immediate order required.,180.0,180
S05,Trichy,Express,P803,Bakery,Rusk,Britannia,310,152,9.9,203.0,32.0,235.0,0.001,LOW,0,Steady baseline velocity,✅ HEALTHY: Stock sufficient. No immediate order required.,50.0,50
S06,Erode,Supermarket,P301,Snacks,Chips,Lays,594,272,11.2,374.0,37.0,411.0,0.001,LOW,0,Steady baseline velocity,✅ HEALTHY: Stock sufficient. No immediate order required.,30.0,30
S04,Salem,Supermarket,P501,Personal Care,Soap,Lux,78,0,3.5,143.0,18.0,161.0,0.695,MEDIUM,83,Steady baseline velocity,⚠️ MONITOR: Review buffer. Order 83 units during next routine cycle.,40.0,40
S03,Madurai,Express,P501,Personal Care,Soap,Lux,34,0,3.4,70.0,8.0,78.0,0.688,MEDIUM,44,Steady baseline velocity,⚠️ MONITOR: Review buffer. Order 44 units during next routine cycle.,40.0,40
S01,Coimbatore,Supermarket,P604,Household,Toilet Cleaner,Harpic,13,0,0.9,103.0,19.0,122.0,0.678,MEDIUM,109,Current stock below reorder threshold | Critically low runway (0.9 days),⚠️ MONITOR: Review buffer. Order 109 units during next routine cycle.,95.0,95
S05,Trichy,Express,P206,Beverage,Coffee,Nescafe,59,0,1.9,224.0,24.0,248.0,0.664,MEDIUM,189,Critically low runway (1.9 days),⚠️ MONITOR: Review buffer. Order 189 units during next routine cycle.,210.0,210
S04,Salem,Supermarket,P442,Snacks,Biscuits,Crispo,106,0,3.0,274.0,19.0,293.0,0.657,MEDIUM,187,Steady baseline velocity,⚠️ MONITOR: Review buffer. Order 187 units during next routine cycle.,35.0,35
S06,Erode,Supermarket,P204,Beverages,Tea,TajMahal,116,0,2.0,446.0,37.0,483.0,0.649,MEDIUM,367,Critically low runway (2.0 days),⚠️ MONITOR: Review buffer. Order 367 units during next routine cycle.,180.0,180
S05,Trichy,Express,P306,Snacks,Nuts,Happilo,263,143,6.0,289.0,63.0,352.0,0.648,MEDIUM,0,Steady baseline velocity,⚠️ MONITOR: Review buffer. Order 0 units during next routine cycle.,150.0,150
S01,Coimbatore,Supermarket,P701,Frozen Foods,Frozen Peas,Safal,48,0,2.1,153.0,35.0,188.0,0.645,MEDIUM,140,Critically low runway (2.1 days),⚠️ MONITOR: Review buffer. Order 140 units during next routine cycle.,85.0,85
S05,Trichy,Express,P103,Dairy,Paneer,Amul,83,0,1.8,335.0,43.0,378.0,0.629,MEDIUM,295,Critically low runway (1.8 days),⚠️ MONITOR: Review buffer. Order 295 units during next routine cycle.,95.0,95
S02,Chennai,Hypermarket,P702,Frozen Foods,Ice Cream,Amul,79,0,1.6,398.0,29.0,427.0,0.611,MEDIUM,348,Current stock below reorder threshold | Critically low runway (1.6 days),⚠️ MONITOR: Review buffer. Order 348 units during next routine cycle.,120.0,120
S05,Trichy,Express,P203,Beverages,Water,Bisleri,71,0,1.6,338.0,63.0,401.0,0.61,MEDIUM,330,Current stock below reorder threshold | Critically low runway (1.6 days),⚠️ MONITOR: Review buffer. Order 330 units during next routine cycle.,20.0,20
S05,Trichy,Express,P505,Personal Care,Hand Wash,Dettol,4,0,0.4,70.0,8.0,78.0,0.589,MEDIUM,74,Current stock below reorder threshold | Critically low runway (0.4 days),⚠️ MONITOR: Review buffer. Order 74 units during next routine cycle.,75.0,75
S03,Madurai,Express,P105,Dairy,Cheese,Britannia,84,0,2.2,269.0,64.0,333.0,0.588,MEDIUM,249,Critically low runway (2.2 days),⚠️ MONITOR: Review buffer. Order 249 units during next routine cycle.,120.0,120
S03,Madurai,Express,P101,Dairy,Milk,Aavin,59,0,1.5,288.0,32.0,320.0,0.567,MEDIUM,261,Current stock below reorder threshold | Critically low runway (1.5 days),⚠️ MONITOR: Review buffer. Order 261 units during next routine cycle.,60.0,60
S03,Madurai,Express,P505,Personal Care,Hand Wash,Dettol,29,0,3.5,65.0,4.0,69.0,0.55,MEDIUM,40,Steady baseline velocity,⚠️ MONITOR: Review buffer. Order 40 units during next routine cycle.,75.0,75
S05,Trichy,Express,P601,Household,Detergent,Surf,11,0,1.5,63.0,5.0,68.0,0.536,MEDIUM,57,Current stock below reorder threshold | Critically low runway (1.5 days),⚠️ MONITOR: Review buffer. Order 57 units during next routine cycle.,210.0,210
S01,Coimbatore,Supermarket,P802,Bakery,Cake,Britannia,114,0,2.4,371.0,26.0,397.0,0.534,MEDIUM,283,Critically low runway (2.4 days),⚠️ MONITOR: Review buffer. Order 283 units during next routine cycle.,60.0,60
S03,Madurai,Express,P304,Snacks,Chocolate,DairyMilk,55,0,1.5,255.0,32.0,287.0,0.533,MEDIUM,232,Critically low runway (1.5 days),⚠️ MONITOR: Review buffer. Order 232 units during next routine cycle.,50.0,50
S05,Trichy,Express,P204,Beverages,Tea,TajMahal,53,0,1.5,279.0,70.0,349.0,0.532,MEDIUM,296,Current stock below reorder threshold | Critically low runway (1.5 days),⚠️ MONITOR: Review buffer. Order 296 units during next routine cycle.,180.0,180
S03,Madurai,Express,P204,Beverages,Tea,TajMahal,25,0,0.4,387.0,34.0,421.0,0.525,MEDIUM,396,Current stock below reorder threshold | Critically low runway (0.4 days),⚠️ MONITOR: Review buffer. Order 396 units during next routine cycle.,180.0,180
S03,Madurai,Express,P404,Staples,Salt,TataSalt,14,0,0.9,104.0,11.0,115.0,0.525,MEDIUM,101,Current stock below reorder threshold | Critically low runway (0.9 days),⚠️ MONITOR: Review buffer. Order 101 units during next routine cycle.,25.0,25
S06,Erode,Supermarket,P103,Dairy,Paneer,Amul,84,0,1.2,534.0,61.0,595.0,0.523,MEDIUM,511,Current stock below reorder threshold | Critically low runway (1.2 days),⚠️ MONITOR: Review buffer. Order 511 units during next routine cycle.,95.0,95
S01,Coimbatore,Supermarket,P102,Dairy,Curd,Aavin,101,0,1.5,506.0,33.0,539.0,0.486,MEDIUM,438,Critically low runway (1.5 days),⚠️ MONITOR: Review buffer. Order 438 units during next routine cycle.,45.0,45
S06,Erode,Supermarket,P901,Beverages,Kombucha,BrewJoy,332,181,6.6,373.0,29.0,402.0,0.476,MEDIUM,0,Active promotion driving surge,⚠️ MONITOR: Review buffer. Order 0 units during next routine cycle.,135.0,150
S06,Erode,Supermarket,P304,Snacks,Chocolate,DairyMilk,142,0,3.8,286.0,23.0,309.0,0.454,MEDIUM,167,Active promotion driving surge,⚠️ MONITOR: Review buffer. Order 167 units during next routine cycle.,40.0,50
S04,Salem,Supermarket,P503,Personal Care,Face Wash,Himalaya,67,0,3.4,140.0,18.0,158.0,0.444,MEDIUM,91,Steady baseline velocity,⚠️ MONITOR: Review buffer. Order 91 units during next routine cycle.,110.0,110
S02,Chennai,Hypermarket,P703,Frozen Foods,Frozen Paratha,McCain,66,0,1.6,354.0,19.0,373.0,0.435,MEDIUM,307,Current stock below reorder threshold | Critically low runway (1.6 days),⚠️ MONITOR: Review buffer. Order 307 units during next routine cycle.,95.0,95
S02,Chennai,Hypermarket,P106,Dairy,Yogurt,Epigamia,146,0,0.8,1242.0,149.0,1391.0,0.419,MEDIUM,1245,Current stock below reorder threshold | Critically low runway (0.8 days),⚠️ MONITOR: Review buffer. Order 1245 units during next routine cycle.,40.0,40
S04,Salem,Supermarket,P405,Staples,Cooking Oil,Fortune,9,0,0.3,207.0,23.0,230.0,0.414,MEDIUM,221,Current stock below reorder threshold | Critically low runway (0.3 days),⚠️ MONITOR: Review buffer. Order 221 units during next routine cycle.,175.0,175
S04,Salem,Supermarket,P304,Snacks,Chocolate,DairyMilk,537,262,9.4,385.0,63.0,448.0,0.413,MEDIUM,0,Steady baseline velocity,⚠️ MONITOR: Review buffer. Order 0 units during next routine cycle.,50.0,50
S06,Erode,Supermarket,P402,Staples,Wheat Flour,Aashirvaad,6,0,0.3,152.0,20.0,172.0,0.408,MEDIUM,166,Current stock below reorder threshold | Critically low runway (0.3 days),⚠️ MONITOR: Review buffer. Order 166 units during next routine cycle.,250.0,250
S01,Coimbatore,Supermarket,P305,Snacks,Biscuits,Crispo,5,0,0.1,366.0,36.0,402.0,0.407,MEDIUM,397,Current stock below reorder threshold | Critically low runway (0.1 days),⚠️ MONITOR: Review buffer. Order 397 units during next routine cycle.,35.0,35
S02,Chennai,Hypermarket,P302,Snacks,Biscuits,Britannia,496,0,2.9,1205.0,107.0,1312.0,0.402,MEDIUM,816,Critically low runway (2.9 days),⚠️ MONITOR: Review buffer. Order 816 units during next routine cycle.,35.0,35
