date,city,temp_c,rain_mm,holiday,festival,weekend,local_event
2026-08-01,Coimbatore,29.5,0.0,0,0,1,0
2026-08-01,Chennai,32.9,6.0,0,0,1,0
2026-08-01,Madurai,32.8,0.0,0,0,1,0
2026-08-01,Salem,29.4,0.0,0,0,1,0
2026-08-01,Trichy,31.1,0.0,0,0,1,0
2026-08-01,Erode,29.5,0.0,0,0,1,0
2026-08-02,Coimbatore,28.7,8.9,0,0,1,0
2026-08-02,Chennai,32.2,0.0,0,0,1,0
2026-08-02,Madurai,32.8,0.0,0,0,1,1
2026-08-02,Salem,34.2,0.0,0,0,1,0
2026-08-02,Trichy,32.4,10.5,0,0,1,0
2026-08-02,Erode,27.1,0.0,0,0,1,0
2026-08-03,Coimbatore,26.5,0.0,0,0,0,0
2026-08-03,Chennai,30.0,0.0,0,0,0,0
2026-08-03,Madurai,35.2,0.0,0,0,0,0
2026-08-03,Salem,32.3,6.0,0,0,0,0
2026-08-03,Trichy,31.0,0.0,0,0,0,0
2026-08-03,Erode,30.6,0.0,0,0,0,0
2026-08-04,Coimbatore,29.2,0.0,0,0,0,0
2026-08-04,Chennai,31.9,0.0,0,0,0,0
2026-08-04,Madurai,34.2,0.0,0,0,0,0
2026-08-04,Salem,29.9,0.0,0,0,0,0
2026-08-04,Trichy,30.4,0.0,0,0,0,0
2026-08-04,Erode,30.0,0.0,0,0,0,0
2026-08-05,Coimbatore,28.7,0.0,0,0,0,0
2026-08-05,Chennai,35.1,1.7,0,0,0,0
2026-08-05,Madurai,28.7,1.2,0,0,0,0
2026-08-05,Salem,31.2,0.0,0,0,0,0
2026-08-05,Trichy,32.5,0.0,0,0,0,0
2026-08-05,Erode,30.9,0.0,0,0,0,1
2026-08-06,Coimbatore,28.6,0.0,0,0,0,0
2026-08-06,Chennai,38.1,2.0,0,0,0,0
2026-08-06,Madurai,35.5,3.9,0,0,0,0
2026-08-06,Salem,28.2,0.0,0,0,0,0
2026-08-06,Trichy,,0.0,0,0,0,0
2026-08-06,Erode,,0.0,0,0,0,0
2026-08-07,Coimbatore,26.4,0.0,0,0,0,0
2026-08-07,Chennai,34.1,0.0,0,0,0,0
2026-08-07,Madurai,35.6,0.0,0,0,0,0
2026-08-07,Salem,28.0,6.8,0,0,0,0
2026-08-07,Trichy,29.1,0.0,0,0,0,0
2026-08-07,Erode,33.4,0.0,0,0,0,0
2026-08-08,Coimbatore,,3.3,0,0,1,1
2026-08-08,Chennai,34.9,0.0,0,0,1,0
2026-08-08,Madurai,31.6,1.2,0,0,1,0
2026-08-08,Salem,31.8,0.0,0,0,1,0
2026-08-08,Trichy,30.3,0.0,0,0,1,0
2026-08-08,Erode,31.3,0.0,0,0,1,0
2026-08-09,Coimbatore,30.9,0.0,0,0,1,0
2026-08-09,Chennai,34.3,0.0,0,0,1,0
2026-08-09,Madurai,34.1,0.0,0,0,1,0
2026-08-09,Salem,30.2,0.0,0,0,1,1
2026-08-09,Trichy,31.8,0.0,0,0,1,0
2026-08-09,Erode,32.5,0.0,0,0,1,0
2026-08-10,Coimbatore,26.6,0.0,0,0,0,0
2026-08-10,Chennai,32.2,2.9,0,0,0,0
2026-08-10,Madurai,34.1,0.0,0,0,0,0
2026-08-10,Salem,28.2,0.0,0,0,0,0
2026-08-10,Trichy,33.0,0.0,0,0,0,0
2026-08-10,Erode,32.0,0.0,0,0,0,0
2026-08-11,Coimbatore,30.4,0.0,0,0,0,0
2026-08-11,Chennai,34.5,0.0,0,0,0,1
2026-08-11,Madurai,38.6,0.0,0,0,0,1
2026-08-11,Salem,,0.0,0,0,0,0
2026-08-11,Trichy,32.1,2.9,0,0,0,0
2026-08-11,Erode,28.8,0.0,0,0,0,0
2026-08-12,Coimbatore,31.2,0.0,0,0,0,0
2026-08-12,Chennai,34.9,0.0,0,0,0,0
2026-08-12,Madurai,32.5,0.9,0,0,0,0
2026-08-12,Salem,33.8,0.0,0,0,0,0
2026-08-12,Trichy,36.2,1.3,0,0,0,0
2026-08-12,Erode,,0.1,0,0,0,1
2026-08-13,Coimbatore,29.4,2.0,0,0,0,0
2026-08-13,Chennai,34.7,0.0,0,0,0,0
2026-08-13,Madurai,,0.0,0,0,0,0
2026-08-13,Salem,33.1,0.0,0,0,0,0
2026-08-13,Trichy,31.6,0.0,0,0,0,0
2026-08-13,Erode,31.1,0.0,0,0,0,0
2026-08-14,Coimbatore,29.9,0.0,0,0,0,0
2026-08-14,Chennai,33.3,0.3,0,0,0,1
2026-08-14,Madurai,34.6,0.0,0,0,0,0
2026-08-14,Salem,,0.0,0,0,0,0
2026-08-14,Trichy,32.7,0.0,0,0,0,0
2026-08-14,Erode,29.6,0.0,0,0,0,0
2026-08-15,Coimbatore,30.0,0.0,1,0,1,0
2026-08-15,Chennai,34.4,0.0,1,0,1,0
2026-08-15,Madurai,33.6,0.0,1,0,1,0
2026-08-15,Salem,32.7,0.0,1,0,1,0
2026-08-15,Trichy,33.4,7.1,1,0,1,0
2026-08-15,Erode,30.4,0.0,1,0,1,0
2026-08-16,Coimbatore,32.3,0.0,0,0,1,0
2026-08-16,Chennai,35.3,0.0,0,0,1,0
2026-08-16,Madurai,32.6,0.0,0,0,1,0
2026-08-16,Salem,30.5,0.5,0,0,1,0
2026-08-16,Trichy,30.4,0.0,0,0,1,0
2026-08-16,Erode,31.5,0.0,0,0,1,0
2026-08-17,Coimbatore,25.6,0.0,0,0,0,0
2026-08-17,Chennai,30.4,0.0,0,0,0,0
2026-08-17,Madurai,34.6,0.0,0,0,0,0
2026-08-17,Salem,33.5,1.9,0,0,0,0
2026-08-17,Trichy,34.5,0.0,0,0,0,0
2026-08-17,Erode,32.5,0.0,0,0,0,0
2026-08-18,Coimbatore,28.6,2.4,0,0,0,0
2026-08-18,Chennai,35.2,0.0,0,0,0,0
2026-08-18,Madurai,38.3,0.0,0,0,0,1
2026-08-18,Salem,29.0,0.0,0,0,0,0
2026-08-18,Trichy,36.4,1.9,0,0,0,0
2026-08-18,Erode,29.4,11.0,0,0,0,0
2026-08-19,Coimbatore,29.2,0.0,0,0,0,0
2026-08-19,Chennai,37.0,0.0,0,0,0,0
2026-08-19,Madurai,31.4,0.0,0,0,0,1
2026-08-19,Salem,,0.0,0,0,0,0
2026-08-19,Trichy,28.6,0.0,0,0,0,0
2026-08-19,Erode,33.7,0.0,0,0,0,0
2026-08-20,Coimbatore,28.5,0.0,0,0,0,0
2026-08-20,Chennai,33.3,0.0,0,0,0,0
2026-08-20,Madurai,34.2,0.0,0,0,0,0
2026-08-20,Salem,31.5,3.3,0,0,0,0
2026-08-20,Trichy,32.2,0.0,0,0,0,0
2026-08-20,Erode,34.1,0.0,0,0,0,0
2026-08-21,Coimbatore,31.5,0.0,0,0,0,0
2026-08-21,Chennai,35.0,0.0,0,0,0,0
2026-08-21,Madurai,33.5,0.0,0,0,0,0
2026-08-21,Salem,31.9,0.0,0,0,0,0
2026-08-21,Trichy,28.6,0.0,0,0,0,0
2026-08-21,Erode,30.9,0.0,0,0,0,0
2026-08-22,Coimbatore,29.2,0.0,0,0,1,0
2026-08-22,Chennai,31.3,0.0,0,0,1,0
2026-08-22,Madurai,32.9,0.4,0,0,1,0
2026-08-22,Salem,28.9,0.0,0,0,1,0
2026-08-22,Trichy,31.8,0.0,0,0,1,0
2026-08-22,Erode,31.1,0.0,0,0,1,0
2026-08-23,Coimbatore,30.2,0.7,0,0,1,0
2026-08-23,Chennai,32.0,0.0,0,0,1,0
2026-08-23,Madurai,,0.0,0,0,1,0
2026-08-23,Salem,30.0,0.0,0,0,1,0
2026-08-23,Trichy,31.7,0.9,0,0,1,0
2026-08-23,Erode,,0.0,0,0,1,0
2026-08-24,Coimbatore,27.0,0.0,0,0,0,0
2026-08-24,Chennai,32.5,0.0,0,0,0,0
2026-08-24,Madurai,38.7,0.0,0,0,0,0
2026-08-24,Salem,32.5,0.0,0,0,0,0
2026-08-24,Trichy,28.2,0.0,0,0,0,0
2026-08-24,Erode,32.9,0.8,0,0,0,0
2026-08-25,Coimbatore,27.3,0.0,0,1,0,0
2026-08-25,Chennai,31.5,0.0,0,1,0,0
2026-08-25,Madurai,33.5,0.0,0,1,0,0
2026-08-25,Salem,28.7,3.3,0,1,0,0
2026-08-25,Trichy,36.1,0.0,0,1,0,0
2026-08-25,Erode,34.2,0.0,0,1,0,0
2026-08-26,Coimbatore,27.6,0.0,1,0,0,0
2026-08-26,Chennai,32.6,0.0,1,0,0,0
2026-08-26,Madurai,33.7,13.8,1,0,0,0
2026-08-26,Salem,29.7,0.0,1,0,0,0
2026-08-26,Trichy,33.1,0.0,1,0,0,0
2026-08-26,Erode,33.9,0.0,1,0,0,0
2026-08-27,Coimbatore,29.2,0.2,0,0,0,0
2026-08-27,Chennai,32.0,0.0,0,0,0,0
2026-08-27,Madurai,32.8,5.1,0,0,0,0
2026-08-27,Salem,31.7,0.0,0,0,0,0
2026-08-27,Trichy,34.4,0.0,0,0,0,0
2026-08-27,Erode,30.2,0.0,0,0,0,0
2026-08-28,Coimbatore,29.2,0.0,0,0,0,0
2026-08-28,Chennai,32.8,8.4,0,0,0,0
2026-08-28,Madurai,32.3,0.0,0,0,0,0
2026-08-28,Salem,29.7,0.0,0,0,0,0
2026-08-28,Trichy,29.8,2.5,0,0,0,0
2026-08-28,Erode,29.4,0.0,0,0,0,0
2026-08-29,Coimbatore,28.0,0.8,0,0,1,0
2026-08-29,Chennai,31.2,0.0,0,0,1,0
2026-08-29,Madurai,30.7,7.2,0,0,1,0
2026-08-29,Salem,31.1,0.0,0,0,1,0
2026-08-29,Trichy,32.6,0.0,0,0,1,1
2026-08-29,Erode,28.7,0.0,0,0,1,0
2026-08-30,Coimbatore,29.5,2.6,0,0,1,0
2026-08-30,Chennai,33.6,0.0,0,0,1,0
2026-08-30,Madurai,33.8,0.0,0,0,1,0
2026-08-30,Salem,32.1,0.0,0,0,1,0
2026-08-30,Trichy,37.1,1.2,0,0,1,0
2026-08-30,Erode,,0.0,0,0,1,0
2026-08-31,Coimbatore,30.1,0.0,0,0,0,0
2026-08-31,Chennai,33.3,1.8,0,0,0,0
2026-08-31,Madurai,34.0,0.0,0,0,0,0
2026-08-31,Salem,27.9,0.0,0,0,0,1
2026-08-31,Trichy,30.0,1.6,0,0,0,0
2026-08-31,Erode,32.0,0.0,0,0,0,0
2026-09-01,Coimbatore,28.5,0.0,0,0,0,0
2026-09-01,Chennai,33.2,1.9,0,0,0,0
2026-09-01,Madurai,36.8,0.0,0,0,0,0
2026-09-01,Salem,25.2,5.9,0,0,0,0
2026-09-01,Trichy,29.2,0.0,0,0,0,1
2026-09-01,Erode,29.4,0.0,0,0,0,0
2026-09-02,Coimbatore,,4.8,1,1,0,0
2026-09-02,Chennai,30.9,0.3,1,1,0,0
2026-09-02,Madurai,35.4,0.0,1,1,0,0
2026-09-02,Salem,31.4,0.0,1,1,0,0
2026-09-02,Trichy,32.7,0.0,1,1,0,0
2026-09-02,Erode,28.5,0.0,1,1,0,0
2026-09-03,Coimbatore,25.4,0.0,0,0,0,0
2026-09-03,Chennai,34.4,0.0,0,0,0,0
2026-09-03,Madurai,32.9,0.0,0,0,0,0
2026-09-03,Salem,31.3,0.0,0,0,0,1
2026-09-03,Trichy,32.6,0.0,0,0,0,0
2026-09-03,Erode,27.6,0.0,0,0,0,0
2026-09-04,Coimbatore,,0.0,0,0,0,0
2026-09-04,Chennai,31.6,0.0,0,0,0,0
2026-09-04,Madurai,36.1,0.4,0,0,0,0
2026-09-04,Salem,31.4,0.0,0,0,0,0
2026-09-04,Trichy,30.0,0.0,0,0,0,0
2026-09-04,Erode,32.0,0.5,0,0,0,0
2026-09-05,Coimbatore,28.9,0.0,0,0,1,0
2026-09-05,Chennai,31.7,0.0,0,0,1,0
2026-09-05,Madurai,32.1,0.0,0,0,1,0
2026-09-05,Salem,35.8,0.9,0,0,1,0
2026-09-05,Trichy,32.0,0.0,0,0,1,0
2026-09-05,Erode,29.7,3.9,0,0,1,0
2026-09-06,Coimbatore,27.2,0.0,0,0,1,0
2026-09-06,Chennai,36.8,0.0,0,0,1,0
2026-09-06,Madurai,32.5,9.0,0,0,1,0
2026-09-06,Salem,30.0,0.0,0,0,1,0
2026-09-06,Trichy,33.6,0.0,0,0,1,0
2026-09-06,Erode,32.2,0.0,0,0,1,0
2026-09-07,Coimbatore,,0.0,0,0,0,0
2026-09-07,Chennai,33.5,0.0,0,0,0,0
2026-09-07,Madurai,36.3,0.0,0,0,0,0
2026-09-07,Salem,,0.0,0,0,0,0
2026-09-07,Trichy,29.9,1.1,0,0,0,0
2026-09-07,Erode,33.6,0.0,0,0,0,0
2026-09-08,Coimbatore,29.0,6.1,0,0,0,1
2026-09-08,Chennai,35.0,0.0,0,0,0,0
2026-09-08,Madurai,36.4,0.0,0,0,0,0
2026-09-08,Salem,29.1,0.0,0,0,0,0
2026-09-08,Trichy,28.6,0.4,0,0,0,0
2026-09-08,Erode,27.5,0.0,0,0,0,0
2026-09-09,Coimbatore,28.4,0.0,0,0,0,0
2026-09-09,Chennai,33.7,0.0,0,0,0,0
2026-09-09,Madurai,36.0,0.0,0,0,0,0
2026-09-09,Salem,30.1,0.0,0,0,0,0
2026-09-09,Trichy,32.3,0.0,0,0,0,0
2026-09-09,Erode,32.0,0.6,0,0,0,0
2026-09-10,Coimbatore,27.5,0.0,0,0,0,0
2026-09-10,Chennai,32.9,1.5,0,0,0,0
2026-09-10,Madurai,32.3,0.8,0,0,0,0
2026-09-10,Salem,31.4,0.0,0,0,0,0
2026-09-10,Trichy,31.3,0.0,0,0,0,0
2026-09-10,Erode,32.2,0.0,0,0,0,0
2026-09-11,Coimbatore,26.8,0.0,0,0,0,0
2026-09-11,Chennai,33.4,0.0,0,0,0,0
2026-09-11,Madurai,35.4,0.0,0,0,0,0
2026-09-11,Salem,28.4,0.0,0,0,0,0
2026-09-11,Trichy,34.6,0.0,0,0,0,0
2026-09-11,Erode,28.7,0.0,0,0,0,0
2026-09-12,Coimbatore,29.3,0.0,0,0,1,0
2026-09-12,Chennai,34.6,0.0,0,0,1,0
2026-09-12,Madurai,33.3,5.1,0,0,1,0
2026-09-12,Salem,28.8,1.0,0,0,1,0
2026-09-12,Trichy,32.0,0.0,0,0,1,0
2026-09-12,Erode,31.2,4.3,0,0,1,0
2026-09-13,Coimbatore,28.3,0.0,0,0,1,0
2026-09-13,Chennai,33.8,0.0,0,0,1,0
2026-09-13,Madurai,36.1,0.0,0,0,1,0
2026-09-13,Salem,28.4,6.2,0,0,1,0
2026-09-13,Trichy,,1.2,0,0,1,0
2026-09-13,Erode,29.9,0.0,0,0,1,0
2026-09-14,Coimbatore,25.6,0.0,0,0,0,0
2026-09-14,Chennai,28.8,3.4,0,0,0,0
2026-09-14,Madurai,33.6,0.0,0,0,0,0
2026-09-14,Salem,28.2,0.0,0,0,0,0
2026-09-14,Trichy,33.8,0.1,0,0,0,0
2026-09-14,Erode,30.6,0.0,0,0,0,0
2026-09-15,Coimbatore,29.2,0.0,0,0,0,0
2026-09-15,Chennai,34.1,0.1,0,0,0,0
2026-09-15,Madurai,36.5,0.4,0,0,0,0
2026-09-15,Salem,31.5,2.0,0,0,0,0
2026-09-15,Trichy,28.8,0.0,0,0,0,0
2026-09-15,Erode,,1.5,0,0,0,0
2026-09-16,Coimbatore,25.3,0.0,0,0,0,0
2026-09-16,Chennai,,0.0,0,0,0,0
2026-09-16,Madurai,34.0,0.0,0,0,0,0
2026-09-16,Salem,,0.0,0,0,0,0
2026-09-16,Trichy,,1.5,0,0,0,0
2026-09-16,Erode,29.6,0.0,0,0,0,0
2026-09-17,Coimbatore,27.5,0.0,1,0,0,0
2026-09-17,Chennai,,0.0,1,0,0,0
2026-09-17,Madurai,37.6,0.0,1,0,0,0
2026-09-17,Salem,31.2,0.0,1,0,0,0
2026-09-17,Trichy,32.2,0.0,1,0,0,0
2026-09-17,Erode,32.9,0.0,1,0,0,0
2026-09-18,Coimbatore,26.4,0.0,0,0,0,0
2026-09-18,Chennai,32.1,0.0,0,0,0,0
2026-09-18,Madurai,31.7,0.1,0,0,0,0
2026-09-18,Salem,31.6,0.0,0,0,0,0
2026-09-18,Trichy,31.0,0.0,0,0,0,0
2026-09-18,Erode,,0.0,0,0,0,0
2026-09-19,Coimbatore,31.9,0.0,0,0,1,0
2026-09-19,Chennai,32.3,0.0,0,0,1,0
2026-09-19,Madurai,37.0,3.8,0,0,1,0
2026-09-19,Salem,33.3,10.7,0,0,1,0
2026-09-19,Trichy,31.9,0.0,0,0,1,0
2026-09-19,Erode,33.3,0.0,0,0,1,0
2026-09-20,Coimbatore,27.8,0.0,0,0,1,0
2026-09-20,Chennai,31.0,0.0,0,0,1,0
2026-09-20,Madurai,33.9,0.6,0,0,1,0
2026-09-20,Salem,31.5,0.0,0,0,1,0
2026-09-20,Trichy,33.3,0.6,0,0,1,1
2026-09-20,Erode,28.2,0.0,0,0,1,0
2026-09-21,Coimbatore,29.3,0.0,0,0,0,0
2026-09-21,Chennai,34.1,0.0,0,0,0,0
2026-09-21,Madurai,,1.8,0,0,0,0
2026-09-21,Salem,30.6,0.0,0,0,0,1
2026-09-21,Trichy,32.3,0.0,0,0,0,0
2026-09-21,Erode,31.9,0.0,0,0,0,0
2026-09-22,Coimbatore,26.6,0.0,0,0,0,0
2026-09-22,Chennai,34.5,0.0,0,0,0,0
2026-09-22,Madurai,35.1,0.0,0,0,0,0
2026-09-22,Salem,28.7,0.0,0,0,0,0
2026-09-22,Trichy,31.1,0.0,0,0,0,0
2026-09-22,Erode,31.1,0.0,0,0,0,0
2026-09-23,Coimbatore,27.0,0.0,0,0,0,1
2026-09-23,Chennai,33.8,0.0,0,0,0,0
2026-09-23,Madurai,34.7,0.0,0,0,0,0
2026-09-23,Salem,33.4,0.0,0,0,0,0
2026-09-23,Trichy,33.4,0.0,0,0,0,0
2026-09-23,Erode,32.3,1.2,0,0,0,0
2026-09-24,Coimbatore,31.7,0.0,0,0,0,0
2026-09-24,Chennai,31.5,0.2,0,0,0,0
2026-09-24,Madurai,36.2,0.0,0,0,0,0
2026-09-24,Salem,33.6,0.0,0,0,0,1
2026-09-24,Trichy,29.7,0.0,0,0,0,0
2026-09-24,Erode,27.9,0.0,0,0,0,0
2026-09-25,Coimbatore,28.0,8.2,0,0,0,0
2026-09-25,Chennai,34.0,0.0,0,0,0,0
2026-09-25,Madurai,32.0,0.0,0,0,0,0
2026-09-25,Salem,28.3,0.0,0,0,0,0
2026-09-25,Trichy,30.0,0.0,0,0,0,0
2026-09-25,Erode,30.6,0.0,0,0,0,0
2026-09-26,Coimbatore,25.3,0.0,0,0,1,0
2026-09-26,Chennai,34.1,3.0,0,0,1,0
2026-09-26,Madurai,36.4,0.7,0,0,1,0
2026-09-26,Salem,31.3,0.0,0,0,1,0
2026-09-26,Trichy,29.5,0.0,0,0,1,0
2026-09-26,Erode,29.6,0.0,0,0,1,0
2026-09-27,Coimbatore,26.8,4.0,0,0,1,0
2026-09-27,Chennai,37.5,0.1,0,0,1,0
2026-09-27,Madurai,35.9,0.0,0,0,1,0
2026-09-27,Salem,34.9,0.0,0,0,1,0
2026-09-27,Trichy,30.4,0.0,0,0,1,0
2026-09-27,Erode,34.3,0.3,0,0,1,0
2026-09-28,Coimbatore,25.3,6.7,0,0,0,0
2026-09-28,Chennai,34.3,1.3,0,0,0,0
2026-09-28,Madurai,32.5,2.3,0,0,0,0
2026-09-28,Salem,30.6,0.0,0,0,0,0
2026-09-28,Trichy,34.5,0.0,0,0,0,0
2026-09-28,Erode,28.6,0.0,0,0,0,0
2026-09-29,Coimbatore,29.6,0.0,0,0,0,0
2026-09-29,Chennai,33.4,1.8,0,0,0,0
2026-09-29,Madurai,36.6,0.0,0,0,0,0
2026-09-29,Salem,28.1,14.7,0,0,0,0
2026-09-29,Trichy,34.4,0.0,0,0,0,0
2026-09-29,Erode,31.3,5.2,0,0,0,0
2026-09-30,Coimbatore,26.4,8.3,0,0,0,0
2026-09-30,Chennai,31.4,0.0,0,0,0,0
2026-09-30,Madurai,34.8,0.0,0,0,0,0
2026-09-30,Salem,35.5,8.0,0,0,0,0
2026-09-30,Trichy,31.1,0.0,0,0,0,0
2026-09-30,Erode,33.3,0.0,0,0,0,0
2026-10-01,Coimbatore,26.1,0.0,0,1,0,0
2026-10-01,Chennai,32.5,0.0,0,1,0,0
2026-10-01,Madurai,38.9,2.1,0,1,0,0
2026-10-01,Salem,29.9,0.0,0,1,0,0
2026-10-01,Trichy,32.1,0.0,0,1,0,0
2026-10-01,Erode,32.1,0.0,0,1,0,0
2026-10-02,Coimbatore,26.1,0.0,1,0,0,0
2026-10-02,Chennai,34.4,0.0,1,0,0,0
2026-10-02,Madurai,34.3,0.5,1,0,0,0
2026-10-02,Salem,29.8,3.5,1,0,0,0
2026-10-02,Trichy,32.3,0.0,1,0,0,0
2026-10-02,Erode,31.0,0.0,1,0,0,0
2026-10-03,Coimbatore,25.8,0.0,0,0,1,0
2026-10-03,Chennai,32.8,0.0,0,0,1,1
2026-10-03,Madurai,,0.0,0,0,1,0
2026-10-03,Salem,25.3,0.0,0,0,1,0
2026-10-03,Trichy,32.0,0.0,0,0,1,0
2026-10-03,Erode,32.2,2.0,0,0,1,0
2026-10-04,Coimbatore,30.8,0.0,0,0,1,0
2026-10-04,Chennai,31.5,0.0,0,0,1,0
2026-10-04,Madurai,36.3,0.0,0,0,1,0
2026-10-04,Salem,,0.0,0,0,1,0
2026-10-04,Trichy,34.8,0.0,0,0,1,0
2026-10-04,Erode,33.4,0.0,0,0,1,0
2026-10-05,Coimbatore,28.7,0.3,0,0,0,0
2026-10-05,Chennai,36.6,0.0,0,0,0,0
2026-10-05,Madurai,32.4,0.0,0,0,0,0
2026-10-05,Salem,33.1,0.6,0,0,0,0
2026-10-05,Trichy,34.4,0.3,0,0,0,0
2026-10-05,Erode,32.4,0.0,0,0,0,0
2026-10-06,Coimbatore,26.0,0.0,0,0,0,0
2026-10-06,Chennai,32.2,0.0,0,0,0,1
2026-10-06,Madurai,36.9,0.0,0,0,0,0
2026-10-06,Salem,34.1,0.0,0,0,0,0
2026-10-06,Trichy,30.8,0.0,0,0,0,0
2026-10-06,Erode,28.4,0.4,0,0,0,0
2026-10-07,Coimbatore,29.1,0.0,0,0,0,0
2026-10-07,Chennai,34.8,0.0,0,0,0,0
2026-10-07,Madurai,33.5,0.0,0,0,0,0
2026-10-07,Salem,33.7,2.4,0,0,0,0
2026-10-07,Trichy,31.8,0.0,0,0,0,0
2026-10-07,Erode,30.8,0.0,0,0,0,0
2026-10-08,Coimbatore,33.1,0.0,0,0,0,0
2026-10-08,Chennai,35.4,0.0,0,0,0,0
2026-10-08,Madurai,32.8,0.8,0,0,0,0
2026-10-08,Salem,31.5,1.5,0,0,0,0
2026-10-08,Trichy,32.5,0.0,0,0,0,0
2026-10-08,Erode,28.2,0.0,0,0,0,0
2026-10-09,Coimbatore,25.6,0.0,0,0,0,0
2026-10-09,Chennai,31.0,0.0,0,0,0,0
2026-10-09,Madurai,35.2,0.0,0,0,0,0
2026-10-09,Salem,31.2,2.9,0,0,0,0
2026-10-09,Trichy,30.9,2.6,0,0,0,0
2026-10-09,Erode,36.1,0.0,0,0,0,0
2026-10-10,Coimbatore,27.3,0.0,0,0,1,0
2026-10-10,Chennai,34.9,0.0,0,0,1,0
2026-10-10,Madurai,35.9,0.0,0,0,1,0
2026-10-10,Salem,31.9,0.0,0,0,1,0
2026-10-10,Trichy,33.0,0.0,0,0,1,0
2026-10-10,Erode,28.3,0.0,0,0,1,0
2026-10-11,Coimbatore,27.8,0.0,0,0,1,0
2026-10-11,Chennai,33.7,0.0,0,0,1,0
2026-10-11,Madurai,,5.3,0,0,1,0
2026-10-11,Salem,28.2,0.0,0,0,1,0
2026-10-11,Trichy,31.1,0.0,0,0,1,0
2026-10-11,Erode,27.8,0.0,0,0,1,0
2026-10-12,Coimbatore,28.4,0.0,0,0,0,0
2026-10-12,Chennai,36.7,0.0,0,0,0,0
2026-10-12,Madurai,35.5,0.2,0,0,0,0
2026-10-12,Salem,33.0,7.1,0,0,0,0
2026-10-12,Trichy,33.8,0.0,0,0,0,0
2026-10-12,Erode,29.4,0.2,0,0,0,0
2026-10-13,Coimbatore,28.7,0.0,0,0,0,0
2026-10-13,Chennai,,0.0,0,0,0,0
2026-10-13,Madurai,35.4,0.0,0,0,0,0
2026-10-13,Salem,30.7,0.0,0,0,0,0
2026-10-13,Trichy,29.8,0.0,0,0,0,0
2026-10-13,Erode,32.1,0.0,0,0,0,0
2026-10-14,Coimbatore,27.6,0.0,0,0,0,0
2026-10-14,Chennai,32.1,5.9,0,0,0,0
2026-10-14,Madurai,34.4,1.8,0,0,0,0
2026-10-14,Salem,29.8,0.0,0,0,0,0
2026-10-14,Trichy,31.1,0.0,0,0,0,0
2026-10-14,Erode,35.0,0.0,0,0,0,0
2026-10-15,Coimbatore,27.2,0.9,0,0,0,0
2026-10-15,Chennai,33.1,0.0,0,0,0,0
2026-10-15,Madurai,34.6,0.0,0,0,0,0
2026-10-15,Salem,30.0,0.0,0,0,0,0
2026-10-15,Trichy,33.8,0.0,0,0,0,0
2026-10-15,Erode,30.8,0.0,0,0,0,0
2026-10-16,Coimbatore,28.7,0.0,0,0,0,0
2026-10-16,Chennai,30.3,0.0,0,0,0,0
2026-10-16,Madurai,34.1,0.0,0,0,0,0
2026-10-16,Salem,32.2,0.0,0,0,0,0
2026-10-16,Trichy,31.3,0.0,0,0,0,0
2026-10-16,Erode,30.2,0.0,0,0,0,0
2026-10-17,Coimbatore,28.5,0.0,0,0,1,0
2026-10-17,Chennai,36.0,0.0,0,0,1,0
2026-10-17,Madurai,33.6,2.5,0,0,1,0
2026-10-17,Salem,32.5,0.0,0,0,1,0
2026-10-17,Trichy,30.4,0.0,0,0,1,0
2026-10-17,Erode,32.2,0.0,0,0,1,0
2026-10-18,Coimbatore,28.2,0.0,0,0,1,0
2026-10-18,Chennai,35.8,3.7,0,0,1,0
2026-10-18,Madurai,33.5,0.0,0,0,1,0
2026-10-18,Salem,29.8,0.0,0,0,1,0
2026-10-18,Trichy,34.0,0.0,0,0,1,0
2026-10-18,Erode,30.1,0.0,0,0,1,0
2026-10-19,Coimbatore,27.6,0.0,0,0,0,0
2026-10-19,Chennai,33.6,0.0,0,0,0,0
2026-10-19,Madurai,34.3,0.1,0,0,0,0
2026-10-19,Salem,34.4,0.0,0,0,0,0
2026-10-19,Trichy,33.4,0.0,0,0,0,0
2026-10-19,Erode,32.3,0.0,0,0,0,0
2026-10-20,Coimbatore,25.1,0.0,1,1,0,0
2026-10-20,Chennai,28.6,1.6,1,1,0,1
2026-10-20,Madurai,34.7,0.0,1,1,0,0
2026-10-20,Salem,30.9,0.0,1,1,0,0
2026-10-20,Trichy,30.1,0.0,1,1,0,0
2026-10-20,Erode,33.2,0.0,1,1,0,0
2026-10-21,Coimbatore,,0.0,0,0,0,0
2026-10-21,Chennai,32.5,0.0,0,0,0,0
2026-10-21,Madurai,35.9,0.2,0,0,0,0
2026-10-21,Salem,33.9,2.6,0,0,0,0
2026-10-21,Trichy,32.1,0.0,0,0,0,0
2026-10-21,Erode,33.3,7.2,0,0,0,0
2026-10-22,Coimbatore,29.8,0.0,1,1,0,0
2026-10-22,Chennai,38.6,0.0,1,1,0,0
2026-10-22,Madurai,38.2,0.0,1,1,0,0
2026-10-22,Salem,28.3,0.0,1,1,0,0
2026-10-22,Trichy,31.5,0.0,1,1,0,0
2026-10-22,Erode,26.2,0.0,1,1,0,0
2026-10-23,Coimbatore,28.3,0.0,0,0,0,1
2026-10-23,Chennai,32.8,0.0,0,0,0,0
2026-10-23,Madurai,33.6,0.0,0,0,0,0
2026-10-23,Salem,26.4,0.0,0,0,0,1
2026-10-23,Trichy,34.2,0.0,0,0,0,0
2026-10-23,Erode,29.8,0.0,0,0,0,0
2026-10-24,Coimbatore,26.7,0.0,0,0,1,0
2026-10-24,Chennai,33.7,0.0,0,0,1,0
2026-10-24,Madurai,33.2,0.0,0,0,1,0
2026-10-24,Salem,29.2,0.0,0,0,1,0
2026-10-24,Trichy,33.8,0.0,0,0,1,1
2026-10-24,Erode,29.9,0.9,0,0,1,0
2026-10-25,Coimbatore,31.7,0.0,0,1,1,0
2026-10-25,Chennai,35.0,1.6,0,1,1,0
2026-10-25,Madurai,35.0,0.0,0,1,1,0
2026-10-25,Salem,30.2,3.0,0,1,1,0
2026-10-25,Trichy,33.9,7.0,0,1,1,0
2026-10-25,Erode,31.6,0.0,0,1,1,0
2026-10-26,Coimbatore,28.2,0.4,0,0,0,0
2026-10-26,Chennai,29.4,0.0,0,0,0,0
2026-10-26,Madurai,34.9,0.0,0,0,0,0
2026-10-26,Salem,32.2,0.0,0,0,0,0
2026-10-26,Trichy,33.1,0.0,0,0,0,0
2026-10-26,Erode,32.0,0.0,0,0,0,0
2026-10-27,Coimbatore,31.7,0.0,0,0,0,0
2026-10-27,Chennai,34.8,6.6,0,0,0,0
2026-10-27,Madurai,36.6,1.6,0,0,0,0
2026-10-27,Salem,33.3,0.0,0,0,0,0
2026-10-27,Trichy,35.8,0.0,0,0,0,1
2026-10-27,Erode,30.1,0.0,0,0,0,0
2026-10-28,Coimbatore,,0.0,0,0,0,0
2026-10-28,Chennai,32.5,0.0,0,0,0,0
2026-10-28,Madurai,33.8,0.0,0,0,0,0
2026-10-28,Salem,31.0,0.0,0,0,0,0
2026-10-28,Trichy,28.9,0.0,0,0,0,0
2026-10-28,Erode,28.0,0.0,0,0,0,0
2026-10-29,Coimbatore,28.1,0.0,0,0,0,0
2026-10-29,Chennai,35.7,0.0,0,0,0,0
2026-10-29,Madurai,34.1,0.0,0,0,0,0
2026-10-29,Salem,31.5,0.0,0,0,0,0
2026-10-29,Trichy,32.6,0.0,0,0,0,0
2026-10-29,Erode,32.8,1.9,0,0,0,0
